,Retorno_Bruto,Retorno_Liquido,Retorno
2022-01-11,0.0020909932562080923,0.0020909932562080923,0.0020909932562080923
2022-01-12,0.0019319969783975557,0.0019319969783975557,0.0019319969783975557
2022-01-13,0.0030865043429916536,0.0030865043429916536,0.0030865043429916536
2022-01-14,0.0017266567509970979,0.0017266567509970979,0.0017266567509970979
2022-01-17,-0.00621181250146994,-0.00621181250146994,-0.00621181250146994
2022-01-18,0.012545732905078688,0.012545732905078688,0.012545732905078688
2022-01-19,0.010746524597979156,0.010746524597979156,0.010746524597979156
2022-01-20,0.0015041067667681532,0.0015041067667681532,0.0015041067667681532
2022-01-21,-0.005710760017343247,-0.005710760017343247,-0.005710760017343247
2022-01-24,-0.001963455194343578,-0.001963455194343578,-0.001963455194343578
2022-01-25,0.0009885985006748736,0.0009885985006748736,0.0009885985006748736
2022-01-26,-0.004108972252079865,-0.004108972252079865,-0.004108972252079865
2022-01-27,0.009602261922482893,0.009602261922482893,0.009602261922482893
2022-01-28,-0.0007139008678939243,-0.0007139008678939243,-0.0007139008678939243
2022-01-31,0.00927538512750348,0.00927538512750348,0.00927538512750348
2022-02-01,-0.00038281119109806775,-0.00038281119109806775,-0.00038281119109806775
2022-02-02,0.002876902238379478,0.002876902238379478,0.002876902238379478
2022-02-03,0.013048242821880983,0.013048242821880983,0.013048242821880983
2022-02-04,0.0011737087450130698,0.0011737087450130698,0.0011737087450130698
2022-02-07,-0.0021001045215860666,-0.0021001045215860666,-0.0021001045215860666
2022-02-08,-0.0028152538116549214,-0.0028152538116549214,-0.0028152538116549214
2022-02-09,0.005032120714518057,0.005032120714518057,0.005032120714518057
2022-02-10,0.009048755442854444,0.009048755442854444,0.009048755442854444
2022-02-11,-0.004736239335960156,-0.004736239335960156,-0.004736239335960156
2022-02-14,0.0007001313597363051,0.0007001313597363051,0.0007001313597363051
2022-02-15,0.0002331235312014098,0.0002331235312014098,0.0002331235312014098
2022-02-16,-0.00433235296623956,-0.00433235296623956,-0.00433235296623956
2022-02-17,-0.0014678283616926715,-0.0014678283616926715,-0.0014678283616926715
2022-02-18,0.0052518061065044835,0.0052518061065044835,0.0052518061065044835
2022-02-21,0.0035713910955758074,0.0035713910955758074,0.0035713910955758074
2022-02-22,0.007395832821201028,0.007395832821201028,0.007395832821201028
2022-02-23,0.0036589128774737905,0.0036589128774737905,0.0036589128774737905
2022-02-24,-0.006020746259893728,-0.006020746259893728,-0.006020746259893728
2022-02-25,-0.006332078609820902,-0.006332078609820902,-0.006332078609820902
2022-03-02,0.009205273249328662,0.009205273249328662,0.009205273249328662
2022-03-03,-0.006046730756650897,-0.006046730756650897,-0.006046730756650897
2022-03-04,0.01029808364349915,0.01029808364349915,0.01029808364349915
2022-03-07,-0.001373428644595298,-0.001373428644595298,-0.001373428644595298
2022-03-08,0.001041837924003791,0.001041837924003791,0.001041837924003791
2022-03-09,0.0025434642404312826,0.0025434642404312826,0.0025434642404312826
2022-03-10,8.95148941611155e-06,8.95148941611155e-06,8.95148941611155e-06
2022-03-11,-0.0010626951020830766,-0.0010626951020830766,-0.0010626951020830766
2022-03-14,-0.00723662982101405,-0.00723662982101405,-0.00723662982101405
2022-03-15,0.0024979967693694364,0.0024979967693694364,0.0024979967693694364
2022-03-16,-0.0007426837821505527,-0.0007426837821505527,-0.0007426837821505527
2022-03-17,0.007328234757560983,0.007328234757560983,0.007328234757560983
2022-03-18,0.006875978470898981,0.006875978470898981,0.006875978470898981
2022-03-21,0.002659329471809759,0.002659329471809759,0.002659329471809759
2022-03-22,0.0032487582461598217,0.0032487582461598217,0.0032487582461598217
2022-03-23,-0.008201485371820078,-0.008201485371820078,-0.008201485371820078
2022-03-24,0.00497382659796412,0.00497382659796412,0.00497382659796412
2022-03-25,-0.0021374238384288397,-0.0021374238384288397,-0.0021374238384288397
2022-03-28,-0.0016279088921209138,-0.0016279088921209138,-0.0016279088921209138
2022-03-29,0.005452224509372373,0.005452224509372373,0.005452224509372373
2022-03-30,-0.005009057795263717,-0.005009057795263717,-0.005009057795263717
2022-03-31,0.0035925322973029998,0.0035925322973029998,0.0035925322973029998
2022-04-01,0.006225283810418067,0.006225283810418067,0.006225283810418067
2022-04-04,-0.003769022877972172,-0.003769022877972172,-0.003769022877972172
2022-04-05,-0.0053639056541048636,-0.0053639056541048636,-0.0053639056541048636
2022-04-06,-0.008185983434027417,-0.008185983434027417,-0.008185983434027417
2022-04-07,0.00013898799076651953,0.00013898799076651953,0.00013898799076651953
2022-04-08,-0.000706170609997453,-0.000706170609997453,-0.000706170609997453
2022-04-11,-0.00010544788106176418,-0.00010544788106176418,-0.00010544788106176418
2022-04-12,0.0009840258797114974,0.0009840258797114974,0.0009840258797114974
2022-04-13,0.004377640377467907,0.004377640377467907,0.004377640377467907
2022-04-14,-0.0032856265175445574,-0.0032856265175445574,-0.0032856265175445574
2022-04-18,-0.0006196718469659356,-0.0006196718469659356,-0.0006196718469659356
2022-04-19,-0.002531249986182281,-0.002531249986182281,-0.002531249986182281
2022-04-20,-0.0046931607363676665,-0.0046931607363676665,-0.0046931607363676665
2022-04-22,-0.0010441220020667103,-0.0010441220020667103,-0.0010441220020667103
2022-04-25,0.0075147771777262055,0.0075147771777262055,0.0075147771777262055
2022-04-26,-0.006921671127138795,-0.006921671127138795,-0.006921671127138795
2022-04-27,0.0011567222635787417,0.0011567222635787417,0.0011567222635787417
2022-04-28,-0.002259848848939079,-0.002259848848939079,-0.002259848848939079
2022-04-29,0.0058709546549657685,0.0058709546549657685,0.0058709546549657685
2022-05-02,-0.007313434818446364,-0.007313434818446364,-0.007313434818446364
2022-05-03,0.0010443775929893358,0.0010443775929893358,0.0010443775929893358
2022-05-04,0.006715945909278289,0.006715945909278289,0.006715945909278289
2022-05-05,-0.0068659221559098345,-0.0068659221559098345,-0.0068659221559098345
2022-05-06,-0.006857772596286105,-0.006857772596286105,-0.006857772596286105
2022-05-09,-0.0007889402058742158,-0.0007889402058742158,-0.0007889402058742158
2022-05-10,-0.004061371957785141,-0.004061371957785141,-0.004061371957785141
2022-05-11,0.00042501721280860383,0.00042501721280860383,0.00042501721280860383
2022-05-12,0.002698110500881327,0.002698110500881327,0.002698110500881327
2022-05-13,0.0010521276015323549,0.0010521276015323549,0.0010521276015323549
2022-05-16,0.0009241299550781063,0.0009241299550781063,0.0009241299550781063
2022-05-17,0.005746406461999873,0.005746406461999873,0.005746406461999873
2022-05-18,-0.004514747485973898,-0.004514747485973898,-0.004514747485973898
2022-05-19,0.003858386140658773,0.003858386140658773,0.003858386140658773
2022-05-20,0.003289603639902685,0.003289603639902685,0.003289603639902685
2022-05-23,0.0042894592998242815,0.0042894592998242815,0.0042894592998242815
2022-05-24,0.00260989705879488,0.00260989705879488,0.00260989705879488
2022-05-25,-0.0017713303826629861,-0.0017713303826629861,-0.0017713303826629861
2022-05-26,-0.00615504301230161,-0.00615504301230161,-0.00615504301230161
2022-05-27,-0.0019322553342041803,-0.0019322553342041803,-0.0019322553342041803
2022-05-30,-0.0008685871490798002,-0.0008685871490798002,-0.0008685871490798002
2022-05-31,0.002928701376668277,0.002928701376668277,0.002928701376668277
2022-06-01,-0.005092405703933765,-0.005092405703933765,-0.005092405703933765
2022-06-02,0.0002826533506124202,0.0002826533506124202,0.0002826533506124202
2022-06-03,-0.0002761937315428301,-0.0002761937315428301,-0.0002761937315428301
2022-06-06,-0.005035458965990045,-0.005035458965990045,-0.005035458965990045
2022-06-07,-0.0016797805842331472,-0.0016797805842331472,-0.0016797805842331472
2022-06-08,0.001608078364633801,0.001608078364633801,0.001608078364633801
2022-06-09,-0.0020286710208729866,-0.0020286710208729866,-0.0020286710208729866
2022-06-10,-0.006591137188699293,-0.006591137188699293,-0.006591137188699293
2022-06-13,-0.003223856664778806,-0.003223856664778806,-0.003223856664778806
2022-06-14,-0.0021909828752697566,-0.0021909828752697566,-0.0021909828752697566
2022-06-15,0.0002458682580029765,0.0002458682580029765,0.0002458682580029765
2022-06-17,-0.009870892999334888,-0.009870892999334888,-0.009870892999334888
2022-06-20,-0.0014772485618951858,-0.0014772485618951858,-0.0014772485618951858
2022-06-21,-0.0013226250271067695,-0.0013226250271067695,-0.0013226250271067695
2022-06-22,-0.0038268957795900348,-0.0038268957795900348,-0.0038268957795900348
2022-06-23,-0.004856239782465664,-0.004856239782465664,-0.004856239782465664
2022-06-24,0.004826065132149134,0.004826065132149134,0.004826065132149134
2022-06-27,0.0033492133217861144,0.0033492133217861144,0.0033492133217861144
2022-06-28,0.0005444197508834053,0.0005444197508834053,0.0005444197508834053
2022-06-29,-0.0006804954519500279,-0.0006804954519500279,-0.0006804954519500279
2022-06-30,0.0005079678997079516,0.0005079678997079516,0.0005079678997079516
2022-07-01,0.005392847200877448,0.005392847200877448,0.005392847200877448
2022-07-04,-0.005013250228422207,-0.005013250228422207,-0.005013250228422207
2022-07-05,-0.00383849754243593,-0.00383849754243593,-0.00383849754243593
2022-07-06,0.003016149929994575,0.003016149929994575,0.003016149929994575
2022-07-07,-0.00016478330002700996,-0.00016478330002700996,-0.00016478330002700996
2022-07-08,0.002067199841860854,0.002067199841860854,0.002067199841860854
2022-07-11,-0.002149397217118898,-0.002149397217118898,-0.002149397217118898
2022-07-12,-0.00018910817718107396,-0.00018910817718107396,-0.00018910817718107396
2022-07-13,-0.0019234668502301584,-0.0019234668502301584,-0.0019234668502301584
2022-07-14,-0.0024639123483859793,-0.0024639123483859793,-0.0024639123483859793
2022-07-15,0.000886840847478008,0.000886840847478008,0.000886840847478008
2022-07-18,3.925654952225961e-05,3.925654952225961e-05,3.925654952225961e-05
2022-07-19,0.0014441084439201128,0.0014441084439201128,0.0014441084439201128
2022-07-20,0.0008609936335253628,0.0008609936335253628,0.0008609936335253628
2022-07-21,0.004333866208009838,0.004333866208009838,0.004333866208009838
2022-07-22,-0.0014405608199393794,-0.0014405608199393794,-0.0014405608199393794
2022-07-25,0.008254696593629419,0.008254696593629419,0.008254696593629419
2022-07-26,0.004539318310741008,0.004539318310741008,0.004539318310741008
2022-07-27,0.00023348747494229133,0.00023348747494229133,0.00023348747494229133
2022-07-28,0.006521607240902835,0.006521607240902835,0.006521607240902835
2022-07-29,0.0028407323650565548,0.0028407323650565548,0.0028407323650565548
2022-08-01,-0.0015405584676945006,-0.0015405584676945006,-0.0015405584676945006
2022-08-02,-0.004657986473537665,-0.004657986473537665,-0.004657986473537665
2022-08-03,-0.001406310444665236,-0.001406310444665236,-0.001406310444665236
2022-08-04,0.0038911090389130037,0.0038911090389130037,0.0038911090389130037
2022-08-05,8.232114196526181e-05,8.232114196526181e-05,8.232114196526181e-05
2022-08-08,-0.003760071722947459,-0.003760071722947459,-0.003760071722947459
2022-08-09,0.002645755897592303,0.002645755897592303,0.002645755897592303
2022-08-10,0.0005438412080911699,0.0005438412080911699,0.0005438412080911699
2022-08-11,0.0008246806692424101,0.0008246806692424101,0.0008246806692424101
2022-08-12,-0.00061724804648817,-0.00061724804648817,-0.00061724804648817
2022-08-15,0.008153833761737702,0.008153833761737702,0.008153833761737702
2022-08-16,-0.00032255165357420097,-0.00032255165357420097,-0.00032255165357420097
2022-08-17,0.011552637644169783,0.011552637644169783,0.011552637644169783
2022-08-18,-0.008571460632846192,-0.008571460632846192,-0.008571460632846192
2022-08-19,-0.004376593327919763,-0.004376593327919763,-0.004376593327919763
2022-08-22,0.001722107080000863,0.001722107080000863,0.001722107080000863
2022-08-23,-0.0064179263747025025,-0.0064179263747025025,-0.0064179263747025025
2022-08-24,-0.004261586452575166,-0.004261586452575166,-0.004261586452575166
2022-08-25,-0.0063801882699873885,-0.0063801882699873885,-0.0063801882699873885
2022-08-26,0.003807139385909437,0.003807139385909437,0.003807139385909437
2022-08-29,0.0014251616203840624,0.0014251616203840624,0.0014251616203840624
2022-08-30,-0.0005179764370312085,-0.0005179764370312085,-0.0005179764370312085
2022-08-31,0.007823874946124654,0.007823874946124654,0.007823874946124654
2022-09-01,-0.0038059401346857494,-0.0038059401346857494,-0.0038059401346857494
2022-09-02,-0.00349559612800128,-0.00349559612800128,-0.00349559612800128
2022-09-05,0.0011978753549268916,0.0011978753549268916,0.0011978753549268916
2022-09-06,0.0003023744874114609,0.0003023744874114609,0.0003023744874114609
2022-09-08,-0.003010078633080438,-0.003010078633080438,-0.003010078633080438
2022-09-09,0.00180575993677152,0.00180575993677152,0.00180575993677152
2022-09-12,0.0065201288438298125,0.0065201288438298125,0.0065201288438298125
2022-09-13,-0.014878948286126426,-0.014878948286126426,-0.014878948286126426
2022-09-14,0.0003320858159713923,0.0003320858159713923,0.0003320858159713923
2022-09-15,-0.004130184163489437,-0.004130184163489437,-0.004130184163489437
2022-09-16,-0.007338895805086574,-0.007338895805086574,-0.007338895805086574
2022-09-19,0.0012068634632102664,0.0012068634632102664,0.0012068634632102664
2022-09-20,0.006476208632649252,0.006476208632649252,0.006476208632649252
2022-09-21,-0.00648494778385992,-0.00648494778385992,-0.00648494778385992
2022-09-22,0.005707874197133913,0.005707874197133913,0.005707874197133913
2022-09-23,-0.004938781881836222,-0.004938781881836222,-0.004938781881836222
2022-09-26,-0.010409779735996862,-0.010409779735996862,-0.010409779735996862
2022-09-27,0.001481978018113437,0.001481978018113437,0.001481978018113437
2022-09-28,0.0005314990145315109,0.0005314990145315109,0.0005314990145315109
2022-09-29,-0.010066426084591809,-0.010066426084591809,-0.010066426084591809
2022-09-30,0.0043903251123295906,0.0043903251123295906,0.0043903251123295906
2022-10-03,0.022930920596447787,0.022930920596447787,0.022930920596447787
2022-10-04,-0.001117730955315338,-0.001117730955315338,-0.001117730955315338
2022-10-05,-0.003318550667206534,-0.003318550667206534,-0.003318550667206534
2022-10-06,0.0037377727429822433,0.0037377727429822433,0.0037377727429822433
2022-10-07,0.0019428786461952092,0.0019428786461952092,0.0019428786461952092
2022-10-10,0.0007278002451729668,0.0007278002451729668,0.0007278002451729668
2022-10-11,0.002639957359265096,0.002639957359265096,0.002639957359265096
2022-10-13,-0.005420987527516353,-0.005420987527516353,-0.005420987527516353
2022-10-14,-0.0014320987652010671,-0.0014320987652010671,-0.0014320987652010671
2022-10-17,0.0015142333448909331,0.0015142333448909331,0.0015142333448909331
2022-10-18,0.007594975636307058,0.007594975636307058,0.007594975636307058
2022-10-19,0.0021170615522716164,0.0021170615522716164,0.0021170615522716164
2022-10-20,0.004477119951312799,0.004477119951312799,0.004477119951312799
2022-10-21,0.005566222985995202,0.005566222985995202,0.005566222985995202
2022-10-24,-0.003707012015259098,-0.003707012015259098,-0.003707012015259098
2022-10-25,-0.005842072550747911,-0.005842072550747911,-0.005842072550747911
2022-10-26,-0.007692020526891576,-0.007692020526891576,-0.007692020526891576
2022-10-27,0.00520236871781165,0.00520236871781165,0.00520236871781165
2022-10-28,-0.004596938521109876,-0.004596938521109876,-0.004596938521109876
2022-10-31,0.005874604344481576,0.005874604344481576,0.005874604344481576
2022-11-01,-0.00014998546936673194,-0.00014998546936673194,-0.00014998546936673194
2022-11-03,-0.002556887819374047,-0.002556887819374047,-0.002556887819374047
2022-11-04,0.0016647340869041156,0.0016647340869041156,0.0016647340869041156
2022-11-07,-0.007622168270131433,-0.007622168270131433,-0.007622168270131433
2022-11-08,0.0008430579225249043,0.0008430579225249043,0.0008430579225249043
2022-11-09,-0.005467241092078209,-0.005467241092078209,-0.005467241092078209
2022-11-10,-0.006895993736075701,-0.006895993736075701,-0.006895993736075701
2022-11-11,0.00391951622371078,0.00391951622371078,0.00391951622371078
2022-11-14,0.005683850240919672,0.005683850240919672,0.005683850240919672
2022-11-16,-0.008079567043847064,-0.008079567043847064,-0.008079567043847064
2022-11-17,-0.0038944663099977094,-0.0038944663099977094,-0.0038944663099977094
2022-11-18,0.0029259897584077814,0.0029259897584077814,0.0029259897584077814
2022-11-21,-0.00640263070004958,-0.00640263070004958,-0.00640263070004958
2022-11-22,-0.003209477107897699,-0.003209477107897699,-0.003209477107897699
2022-11-23,0.004449926908348485,0.004449926908348485,0.004449926908348485
2022-11-24,0.0030404077317121997,0.0030404077317121997,0.0030404077317121997
2022-11-25,-0.010431805366059147,-0.010431805366059147,-0.010431805366059147
2022-11-28,-0.006494008985161576,-0.006494008985161576,-0.006494008985161576
2022-11-29,-0.0005677371926633982,-0.0005677371926633982,-0.0005677371926633982
2022-11-30,0.001443177625390067,0.001443177625390067,0.001443177625390067
2022-12-01,-0.0068265824621297905,-0.0068265824621297905,-0.0068265824621297905
2022-12-02,0.0008956817904869235,0.0008956817904869235,0.0008956817904869235
2022-12-05,-0.006315176613285648,-0.006315176613285648,-0.006315176613285648
2022-12-06,0.0011851150216623805,0.0011851150216623805,0.0011851150216623805
2022-12-07,0.004781652755431536,0.004781652755431536,0.004781652755431536
2022-12-08,-0.008961968489029581,-0.008961968489029581,-0.008961968489029581
2022-12-09,0.001100366652741335,0.001100366652741335,0.001100366652741335
2022-12-12,-0.01043317656806253,-0.01043317656806253,-0.01043317656806253
2022-12-13,-0.0052550959267670325,-0.0052550959267670325,-0.0052550959267670325
2022-12-14,-0.003351967430762713,-0.003351967430762713,-0.003351967430762713
2022-12-15,0.002168184219335808,0.002168184219335808,0.002168184219335808
2022-12-16,0.00029851386098370743,0.00029851386098370743,0.00029851386098370743
2022-12-19,0.0013582614825002508,0.0013582614825002508,0.0013582614825002508
2022-12-20,0.005171497656316953,0.005171497656316953,0.005171497656316953
2022-12-21,0.001076386625333694,0.001076386625333694,0.001076386625333694
2022-12-22,0.0024156307008318862,0.0024156307008318862,0.0024156307008318862
2022-12-23,0.001037149544721977,0.001037149544721977,0.001037149544721977
2022-12-26,0.005077687238304853,0.005077687238304853,0.005077687238304853
2022-12-27,-0.010721461733808479,-0.010721461733808479,-0.010721461733808479
2022-12-28,0.007007658778645646,0.007007658778645646,0.007007658778645646
2022-12-29,-0.001126545265787626,-0.001126545265787626,-0.001126545265787626
2023-01-02,-0.005142184121604302,-0.005142184121604302,-0.005142184121604302
2023-01-03,-0.006539676205990398,-0.006539676205990398,-0.006539676205990398
2023-01-04,0.004339446598915153,0.004339446598915153,0.004339446598915153
2023-01-05,0.008033107298761475,0.008033107298761475,0.008033107298761475
2023-01-06,0.006703792613558288,0.006703792613558288,0.006703792613558288
2023-01-09,0.0046958923514445385,0.0046958923514445385,0.0046958923514445385
2023-01-10,0.008264669247307604,0.008264669247307604,0.008264669247307604
2023-01-11,0.004291966633211146,0.004291966633211146,0.004291966633211146
2023-01-12,-0.001911862771481265,-0.001911862771481265,-0.001911862771481265
2023-01-13,-0.0024856515996620823,-0.0024856515996620823,-0.0024856515996620823
2023-01-16,-0.008006074314303342,-0.008006074314303342,-0.008006074314303342
2023-01-17,0.008866729281038235,0.008866729281038235,0.008866729281038235
2023-01-18,0.004593694979952469,0.004593694979952469,0.004593694979952469
2023-01-19,0.0053754483856552114,0.0053754483856552114,0.0053754483856552114
2023-01-20,-0.0006066927645545041,-0.0006066927645545041,-0.0006066927645545041
2023-01-23,-0.0014319585228487377,-0.0014319585228487377,-0.0014319585228487377
2023-01-24,0.004773625447058701,0.004773625447058701,0.004773625447058701
2023-01-25,0.00719314254486807,0.00719314254486807,0.00719314254486807
2023-01-26,0.007527567178436501,0.007527567178436501,0.007527567178436501
2023-01-27,-0.005018753301326696,-0.005018753301326696,-0.005018753301326696
2023-01-30,0.008062912762952132,0.008062912762952132,0.008062912762952132
2023-01-31,-0.0005056360318438063,-0.0005056360318438063,-0.0005056360318438063
2023-02-01,-0.007805810970632105,-0.007805810970632105,-0.007805810970632105
2023-02-02,-0.005753742322821863,-0.005753742322821863,-0.005753742322821863
2023-02-03,-0.0028396744931492475,-0.0028396744931492475,-0.0028396744931492475
2023-02-06,-0.001890379876862476,-0.001890379876862476,-0.001890379876862476
2023-02-07,0.0015415703671812677,0.0015415703671812677,0.0015415703671812677
2023-02-08,-0.0013902109061889266,-0.0013902109061889266,-0.0013902109061889266
2023-02-09,-0.00031583459940167985,-0.00031583459940167985,-0.00031583459940167985
2023-02-10,0.005277602948543171,0.005277602948543171,0.005277602948543171
2023-02-13,0.004127704790016763,0.004127704790016763,0.004127704790016763
2023-02-14,0.004617794403744754,0.004617794403744754,0.004617794403744754
2023-02-15,0.006662569444601158,0.006662569444601158,0.006662569444601158
2023-02-16,8.019680583790925e-05,8.019680583790925e-05,8.019680583790925e-05
2023-02-17,0.008557062148761318,0.008557062148761318,0.008557062148761318
2023-02-22,-0.0009992058055045532,-0.0009992058055045532,-0.0009992058055045532
2023-02-23,0.0002866615332008708,0.0002866615332008708,0.0002866615332008708
2023-02-24,-0.010336284993207476,-0.010336284993207476,-0.010336284993207476
2023-02-27,-0.006426206355121212,-0.006426206355121212,-0.006426206355121212
2023-02-28,-0.001299773777689112,-0.001299773777689112,-0.001299773777689112
2023-03-01,-0.004200920888803379,-0.004200920888803379,-0.004200920888803379
2023-03-02,-0.0008377580501952959,-0.0008377580501952959,-0.0008377580501952959
2023-03-03,-0.004643798927840885,-0.004643798927840885,-0.004643798927840885
2023-03-06,0.003906752632710614,0.003906752632710614,0.003906752632710614
2023-03-07,0.0061765407465690725,0.0061765407465690725,0.0061765407465690725
2023-03-08,0.009725297076121816,0.009725297076121816,0.009725297076121816
2023-03-09,-0.0057394053017568065,-0.0057394053017568065,-0.0057394053017568065
2023-03-10,-0.0022810387621672976,-0.0022810387621672976,-0.0022810387621672976
2023-03-13,-0.001254445380688543,-0.001254445380688543,-0.001254445380688543
2023-03-14,0.0002813099470544391,0.0002813099470544391,0.0002813099470544391
2023-03-15,0.00041084946203864153,0.00041084946203864153,0.00041084946203864153
2023-03-16,0.00021462472262413708,0.00021462472262413708,0.00021462472262413708
2023-03-17,-0.006125077173920218,-0.006125077173920218,-0.006125077173920218
2023-03-20,-0.0006400631294733823,-0.0006400631294733823,-0.0006400631294733823
2023-03-21,-0.010639640156761145,-0.010639640156761145,-0.010639640156761145
2023-03-22,0.007568656970190879,0.007568656970190879,0.007568656970190879
2023-03-23,-0.005815426374362637,-0.005815426374362637,-0.005815426374362637
2023-03-24,-0.0035621700022303495,-0.0035621700022303495,-0.0035621700022303495
2023-03-27,-0.0035887953677215608,-0.0035887953677215608,-0.0035887953677215608
2023-03-28,-0.003404717600813081,-0.003404717600813081,-0.003404717600813081
2023-03-29,0.0036529566036766705,0.0036529566036766705,0.0036529566036766705
2023-03-30,0.0022825338328759143,0.0022825338328759143,0.0022825338328759143
2023-03-31,-0.003944865628253283,-0.003944865628253283,-0.003944865628253283
2023-04-03,-0.007106843033615478,-0.007106843033615478,-0.007106843033615478
2023-04-04,-0.0004084164613668696,-0.0004084164613668696,-0.0004084164613668696
2023-04-05,-0.0044108735936616095,-0.0044108735936616095,-0.0044108735936616095
2023-04-06,0.002967211706168517,0.002967211706168517,0.002967211706168517
2023-04-10,0.0030784003710855683,0.0030784003710855683,0.0030784003710855683
2023-04-11,0.009048644580667883,0.009048644580667883,0.009048644580667883
2023-04-12,0.0041751576909101395,0.0041751576909101395,0.0041751576909101395
2023-04-13,-0.0015053363219870658,-0.0015053363219870658,-0.0015053363219870658
2023-04-14,0.0029427169303092794,0.0029427169303092794,0.0029427169303092794
2023-04-17,0.000635806309678877,0.000635806309678877,0.000635806309678877
2023-04-18,0.003664837139968697,0.003664837139968697,0.003664837139968697
2023-04-19,0.00022293555210657666,0.00022293555210657666,0.00022293555210657666
2023-04-20,0.00017592829488469495,0.00017592829488469495,0.00017592829488469495
2023-04-24,0.010944758380716582,0.010944758380716582,0.010944758380716582
2023-04-25,0.006050818979714202,0.006050818979714202,0.006050818979714202
2023-04-26,0.0014844552523393985,0.0014844552523393985,0.0014844552523393985
2023-04-27,0.004917076306171721,0.004917076306171721,0.004917076306171721
2023-04-28,0.0034275774114901547,0.0034275774114901547,0.0034275774114901547
2023-05-02,0.015350905741989527,0.015350905741989527,0.015350905741989527
2023-05-03,-0.009516560511713762,-0.009516560511713762,-0.009516560511713762
2023-05-04,-0.0033087307038280156,-0.0033087307038280156,-0.0033087307038280156
2023-05-05,0.009051724078965501,0.009051724078965501,0.009051724078965501
2023-05-08,0.003226208862189627,0.003226208862189627,0.003226208862189627
2023-05-09,0.010768332403459556,0.010768332403459556,0.010768332403459556
2023-05-10,0.0024807523648978495,0.0024807523648978495,0.0024807523648978495
2023-05-11,-0.0025744322538724922,-0.0025744322538724922,-0.0025744322538724922
2023-05-12,0.0024044906779404026,0.0024044906779404026,0.0024044906779404026
2023-05-15,-0.0042865661747594885,-0.0042865661747594885,-0.0042865661747594885
2023-05-16,0.0016951747763689854,0.0016951747763689854,0.0016951747763689854
2023-05-17,0.0048721655076242164,0.0048721655076242164,0.0048721655076242164
2023-05-18,0.0010386193891966146,0.0010386193891966146,0.0010386193891966146
2023-05-19,0.00452287675742627,0.00452287675742627,0.00452287675742627
2023-05-22,-0.0011391292810745246,-0.0011391292810745246,-0.0011391292810745246
2023-05-23,-0.0017532166021817254,-0.0017532166021817254,-0.0017532166021817254
2023-05-24,0.00028691891002189816,0.00028691891002189816,0.00028691891002189816
2023-05-25,0.004205676935999634,0.004205676935999634,0.004205676935999634
2023-05-26,-0.01171705043052954,-0.01171705043052954,-0.01171705043052954
2023-05-29,-6.48730528300918e-05,-6.48730528300918e-05,-6.48730528300918e-05
2023-05-30,-0.002671389313490186,-0.002671389313490186,-0.002671389313490186
2023-05-31,0.011713937168797981,0.011713937168797981,0.011713937168797981
2023-06-01,0.0010543509182011155,0.0010543509182011155,0.0010543509182011155
2023-06-02,0.0018473004952917174,0.0018473004952917174,0.0018473004952917174
2023-06-05,0.0040187221905087014,0.0040187221905087014,0.0040187221905087014
2023-06-06,0.0035688267682526965,0.0035688267682526965,0.0035688267682526965
2023-06-07,0.0004923329727086266,0.0004923329727086266,0.0004923329727086266
2023-06-09,0.0016963023810604829,0.0016963023810604829,0.0016963023810604829
2023-06-12,0.0029987516592752395,0.0029987516592752395,0.0029987516592752395
2023-06-13,-0.003816863164479761,-0.003816863164479761,-0.003816863164479761
2023-06-14,0.0020303774394412077,0.0020303774394412077,0.0020303774394412077
2023-06-15,-0.0030870646652227654,-0.0030870646652227654,-0.0030870646652227654
2023-06-16,0.0009945854092178396,0.0009945854092178396,0.0009945854092178396
2023-06-19,0.005403443957328475,0.005403443957328475,0.005403443957328475
2023-06-20,-0.0011693020964802826,-0.0011693020964802826,-0.0011693020964802826
2023-06-21,-0.00994222014654261,-0.00994222014654261,-0.00994222014654261
2023-06-22,-0.00807536842732048,-0.00807536842732048,-0.00807536842732048
2023-06-23,0.0031506091009906407,0.0031506091009906407,0.0031506091009906407
2023-06-26,0.005154807040265389,0.005154807040265389,0.005154807040265389
2023-06-27,0.004637037700826742,0.004637037700826742,0.004637037700826742
2023-06-28,0.011126196182743825,0.011126196182743825,0.011126196182743825
2023-06-29,0.006667876410712682,0.006667876410712682,0.006667876410712682
2023-06-30,0.007997111558964825,0.007997111558964825,0.007997111558964825
2023-07-03,0.010105828749654204,0.010105828749654204,0.010105828749654204
2023-07-04,0.003076525267409381,0.003076525267409381,0.003076525267409381
2023-07-05,0.004537459832759625,0.004537459832759625,0.004537459832759625
2023-07-06,-0.00713180054000948,-0.00713180054000948,-0.00713180054000948
2023-07-07,0.005395359853789226,0.005395359853789226,0.005395359853789226
2023-07-10,0.0014492049361062927,0.0014492049361062927,0.0014492049361062927
2023-07-11,-0.011516137241751687,-0.011516137241751687,-0.011516137241751687
2023-07-12,0.007491192445258836,0.007491192445258836,0.007491192445258836
2023-07-13,0.0030794584582594636,0.0030794584582594636,0.0030794584582594636
2023-07-14,0.001671876683078353,0.001671876683078353,0.001671876683078353
2023-07-17,0.005790558230501054,0.005790558230501054,0.005790558230501054
2023-07-18,-0.00309987608582815,-0.00309987608582815,-0.00309987608582815
2023-07-19,-0.00480748224136302,-0.00480748224136302,-0.00480748224136302
2023-07-20,0.001804909721474179,0.001804909721474179,0.001804909721474179
2023-07-21,0.0011715035315119134,0.0011715035315119134,0.0011715035315119134
2023-07-24,0.008256787145406074,0.008256787145406074,0.008256787145406074
2023-07-25,-0.006883215294921993,-0.006883215294921993,-0.006883215294921993
2023-07-26,-0.006330860126936499,-0.006330860126936499,-0.006330860126936499
2023-07-27,0.007278504238809467,0.007278504238809467,0.007278504238809467
2023-07-28,0.008193769175486877,0.008193769175486877,0.008193769175486877
2023-07-31,0.0073922597561090495,0.0073922597561090495,0.0073922597561090495
2023-08-01,-0.009204758685400348,-0.009204758685400348,-0.009204758685400348
2023-08-02,0.003693355044494177,0.003693355044494177,0.003693355044494177
2023-08-03,-0.0033767687303072635,-0.0033767687303072635,-0.0033767687303072635
2023-08-04,-0.0010796073843801256,-0.0010796073843801256,-0.0010796073843801256
2023-08-07,-0.005872577747838163,-0.005872577747838163,-0.005872577747838163
2023-08-08,-0.0017388761890397213,-0.0017388761890397213,-0.0017388761890397213
2023-08-09,-0.0006731651719421913,-0.0006731651719421913,-0.0006731651719421913
2023-08-10,-0.002250889809099581,-0.002250889809099581,-0.002250889809099581
2023-08-11,0.0054718806280565566,0.0054718806280565566,0.0054718806280565566
2023-08-14,-0.010639173566812089,-0.010639173566812089,-0.010639173566812089
2023-08-15,-0.007640729954792411,-0.007640729954792411,-0.007640729954792411
2023-08-16,0.002180540125757515,0.002180540125757515,0.002180540125757515
2023-08-17,0.0022905683503923672,0.0022905683503923672,0.0022905683503923672
2023-08-18,0.003411423952233242,0.003411423952233242,0.003411423952233242
2023-08-21,-0.0010515040532107932,-0.0010515040532107932,-0.0010515040532107932
2023-08-22,-0.000252582082400369,-0.000252582082400369,-0.000252582082400369
2023-08-23,0.00351702578625305,0.00351702578625305,0.00351702578625305
2023-08-24,0.002751241309751551,0.002751241309751551,0.002751241309751551
2023-08-25,-0.008647200628129369,-0.008647200628129369,-0.008647200628129369
2023-08-28,0.0016138808598133423,0.0016138808598133423,0.0016138808598133423
2023-08-29,0.008637795663014492,0.008637795663014492,0.008637795663014492
2023-08-30,-0.0043871557497637634,-0.0043871557497637634,-0.0043871557497637634
2023-08-31,-0.004110438460977367,-0.004110438460977367,-0.004110438460977367
2023-09-01,0.0025714464267970897,0.0025714464267970897,0.0025714464267970897
2023-09-04,0.004235227071565033,0.004235227071565033,0.004235227071565033
2023-09-05,0.000491006797925336,0.000491006797925336,0.000491006797925336
2023-09-06,-0.005844906718032082,-0.005844906718032082,-0.005844906718032082
2023-09-08,0.0029537296594924836,0.0029537296594924836,0.0029537296594924836
2023-09-11,0.00046033937243492376,0.00046033937243492376,0.00046033937243492376
2023-09-12,0.003366040399961078,0.003366040399961078,0.003366040399961078
2023-09-13,-0.00039063873552094743,-0.00039063873552094743,-0.00039063873552094743
2023-09-14,0.003032524068124009,0.003032524068124009,0.003032524068124009
2023-09-15,0.0022717905092183117,0.0022717905092183117,0.0022717905092183117
2023-09-18,-0.0031207641956558082,-0.0031207641956558082,-0.0031207641956558082
2023-09-19,0.003017022063964362,0.003017022063964362,0.003017022063964362
2023-09-20,0.009365889306283768,0.009365889306283768,0.009365889306283768
2023-09-21,-0.005623511120829438,-0.005623511120829438,-0.005623511120829438
2023-09-22,0.0011972922644954477,0.0011972922644954477,0.0011972922644954477
2023-09-25,0.004891826098204481,0.004891826098204481,0.004891826098204481
2023-09-26,-0.007148859950702613,-0.007148859950702613,-0.007148859950702613
2023-09-27,0.0005663325265241615,0.0005663325265241615,0.0005663325265241615
2023-09-28,0.008490436798651893,0.008490436798651893,0.008490436798651893
2023-09-29,0.0031570777259218538,0.0031570777259218538,0.0031570777259218538
2023-10-02,0.0009143137465821179,0.0009143137465821179,0.0009143137465821179
2023-10-03,-0.006415204249172621,-0.006415204249172621,-0.006415204249172621
2023-10-04,0.0015919365550985474,0.0015919365550985474,0.0015919365550985474
2023-10-05,0.0006897134009764671,0.0006897134009764671,0.0006897134009764671
2023-10-06,0.00297146508794256,0.00297146508794256,0.00297146508794256
2023-10-09,-0.001187178969863264,-0.001187178969863264,-0.001187178969863264
2023-10-10,0.002051879136313416,0.002051879136313416,0.002051879136313416
2023-10-11,0.006692869893290965,0.006692869893290965,0.006692869893290965
2023-10-13,0.004896465563140043,0.004896465563140043,0.004896465563140043
2023-10-16,0.0019717526216202555,0.0019717526216202555,0.0019717526216202555
2023-10-17,-0.00478081680647435,-0.00478081680647435,-0.00478081680647435
2023-10-18,-0.0014308094570129083,-0.0014308094570129083,-0.0014308094570129083
2023-10-19,-0.0014318906733213365,-0.0014318906733213365,-0.0014318906733213365
2023-10-20,-0.010938060457599508,-0.010938060457599508,-0.010938060457599508
2023-10-23,-0.0030957243530771164,-0.0030957243530771164,-0.0030957243530771164
2023-10-24,-0.0030470369622827053,-0.0030470369622827053,-0.0030470369622827053
2023-10-25,-0.00031731492452006664,-0.00031731492452006664,-0.00031731492452006664
2023-10-26,0.007664166371632149,0.007664166371632149,0.007664166371632149
2023-10-27,-0.0003951297810975826,-0.0003951297810975826,-0.0003951297810975826
2023-10-30,-0.00485748009914263,-0.00485748009914263,-0.00485748009914263
2023-10-31,-0.0013451603513329542,-0.0013451603513329542,-0.0013451603513329542
2023-11-01,0.0006955263436469001,0.0006955263436469001,0.0006955263436469001
2023-11-03,0.01788195985538903,0.01788195985538903,0.01788195985538903
2023-11-06,0.0039598686372230235,0.0039598686372230235,0.0039598686372230235
2023-11-07,0.008435666558778048,0.008435666558778048,0.008435666558778048
2023-11-08,0.007725656465183742,0.007725656465183742,0.007725656465183742
2023-11-09,0.004986495594676387,0.004986495594676387,0.004986495594676387
2023-11-10,0.003867663028704252,0.003867663028704252,0.003867663028704252
2023-11-13,-0.006192797717833505,-0.006192797717833505,-0.006192797717833505
2023-11-14,-0.0011131754740857829,-0.0011131754740857829,-0.0011131754740857829
2023-11-16,0.001961892613066284,0.001961892613066284,0.001961892613066284
2023-11-17,0.0031689304343115827,0.0031689304343115827,0.0031689304343115827
2023-11-20,0.002684370545730246,0.002684370545730246,0.002684370545730246
2023-11-21,-0.004194046413610977,-0.004194046413610977,-0.004194046413610977
2023-11-22,-0.0016186019996335772,-0.0016186019996335772,-0.0016186019996335772
2023-11-23,0.0027821717082880705,0.0027821717082880705,0.0027821717082880705
2023-11-24,0.0036439852407497884,0.0036439852407497884,0.0036439852407497884
2023-11-27,-0.0034684314604560545,-0.0034684314604560545,-0.0034684314604560545
2023-11-28,0.000948852430118046,0.000948852430118046,0.000948852430118046
2023-11-29,-0.0009269930358258628,-0.0009269930358258628,-0.0009269930358258628
2023-11-30,0.012739300124073559,0.012739300124073559,0.012739300124073559
2023-12-01,-0.00032132623869169687,-0.00032132623869169687,-0.00032132623869169687
2023-12-04,0.0134005649062293,0.0134005649062293,0.0134005649062293
2023-12-05,0.006539623526662907,0.006539623526662907,0.006539623526662907
2023-12-06,0.007385636504087976,0.007385636504087976,0.007385636504087976
2023-12-07,0.0018884332526447128,0.0018884332526447128,0.0018884332526447128
2023-12-08,-0.006951526136599341,-0.006951526136599341,-0.006951526136599341
2023-12-11,0.007356497426299532,0.007356497426299532,0.007356497426299532
2023-12-12,0.00046038091895396884,0.00046038091895396884,0.00046038091895396884
2023-12-13,0.012373948540526267,0.012373948540526267,0.012373948540526267
2023-12-14,0.004987225015388877,0.004987225015388877,0.004987225015388877
2023-12-15,-0.0019339818773160895,-0.0019339818773160895,-0.0019339818773160895
2023-12-18,0.006701994370948251,0.006701994370948251,0.006701994370948251
2023-12-19,0.0009597592854967918,0.0009597592854967918,0.0009597592854967918
2023-12-20,0.004866922988548643,0.004866922988548643,0.004866922988548643
2023-12-21,-0.003014221941469286,-0.003014221941469286,-0.003014221941469286
2023-12-22,0.008649615594862218,0.008649615594862218,0.008649615594862218
2023-12-26,0.002585377489669329,0.002585377489669329,0.002585377489669329
2023-12-27,0.012484166527373207,0.012484166527373207,0.012484166527373207
2023-12-28,0.0001264886866393436,0.0001264886866393436,0.0001264886866393436
2024-01-02,-0.0017378499699807265,-0.0017378499699807265,-0.0017378499699807265
2024-01-03,0.0027702209264777035,0.0027702209264777035,0.0027702209264777035
2024-01-04,-0.00522703395315097,-0.00522703395315097,-0.00522703395315097
2024-01-05,0.006716295909549957,0.006716295909549957,0.006716295909549957
2024-01-08,0.005348284870748158,0.005348284870748158,0.005348284870748158
2024-01-09,0.011265230711001994,0.011265230711001994,0.011265230711001994
2024-01-10,9.057028945133909e-05,9.057028945133909e-05,9.057028945133909e-05
2024-01-11,-0.004679688312018837,-0.004679688312018837,-0.004679688312018837
2024-01-12,-0.0009445323052329423,-0.0009445323052329423,-0.0009445323052329423
2024-01-15,0.008965132037423693,0.008965132037423693,0.008965132037423693
2024-01-16,-0.0038871451141870997,-0.0038871451141870997,-0.0038871451141870997
2024-01-17,0.0016539439154332788,0.0016539439154332788,0.0016539439154332788
2024-01-18,-0.0027546243231014013,-0.0027546243231014013,-0.0027546243231014013
2024-01-19,0.008674679402016603,0.008674679402016603,0.008674679402016603
2024-01-22,-0.002477906748341276,-0.002477906748341276,-0.002477906748341276
2024-01-23,0.00102644689096976,0.00102644689096976,0.00102644689096976
2024-01-24,0.003916123681435624,0.003916123681435624,0.003916123681435624
2024-01-25,0.005029102342583782,0.005029102342583782,0.005029102342583782
2024-01-26,0.003685447291569068,0.003685447291569068,0.003685447291569068
2024-01-29,-0.0030323082951981706,-0.0030323082951981706,-0.0030323082951981706
2024-01-30,-0.00715194974148403,-0.00715194974148403,-0.00715194974148403
2024-01-31,0.005013047562657731,0.005013047562657731,0.005013047562657731
2024-02-01,0.0029408173064488998,0.0029408173064488998,0.0029408173064488998
2024-02-02,-0.006505990569303944,-0.006505990569303944,-0.006505990569303944
2024-02-05,-0.00011403351182392714,-0.00011403351182392714,-0.00011403351182392714
2024-02-06,0.011899423276374698,0.011899423276374698,0.011899423276374698
2024-02-07,0.008813349027442581,0.008813349027442581,0.008813349027442581
2024-02-08,-0.00020271890598856212,-0.00020271890598856212,-0.00020271890598856212
2024-02-09,-0.0006576282955640847,-0.0006576282955640847,-0.0006576282955640847
2024-02-14,0.00043938750425305214,0.00043938750425305214,0.00043938750425305214
2024-02-15,-0.007228535375298896,-0.007228535375298896,-0.007228535375298896
2024-02-16,-0.006684198737575106,-0.006684198737575106,-0.006684198737575106
2024-02-19,-0.005944633912793983,-0.005944633912793983,-0.005944633912793983
2024-02-20,0.0030884088681273313,0.0030884088681273313,0.0030884088681273313
2024-02-21,-0.001400169508094211,-0.001400169508094211,-0.001400169508094211
2024-02-22,0.008305351621947567,0.008305351621947567,0.008305351621947567
2024-02-23,-0.002573074062416829,-0.002573074062416829,-0.002573074062416829
2024-02-26,0.006803057577099867,0.006803057577099867,0.006803057577099867
2024-02-27,0.003119735279617801,0.003119735279617801,0.003119735279617801
2024-02-28,-0.007360942486662378,-0.007360942486662378,-0.007360942486662378
2024-02-29,-0.006132445315394556,-0.006132445315394556,-0.006132445315394556
2024-03-01,1.6860808540377064e-05,1.6860808540377064e-05,1.6860808540377064e-05
2024-03-04,-0.008833966099694128,-0.008833966099694128,-0.008833966099694128
2024-03-05,0.0004276939205927004,0.0004276939205927004,0.0004276939205927004
2024-03-06,-0.0002580253533856231,-0.0002580253533856231,-0.0002580253533856231
2024-03-07,-0.0009117098725900724,-0.0009117098725900724,-0.0009117098725900724
2024-03-08,-0.00033094712492956696,-0.00033094712492956696,-0.00033094712492956696
2024-03-11,-0.015874123456777765,-0.015874123456777765,-0.015874123456777765
2024-03-12,0.0031985693652610246,0.0031985693652610246,0.0031985693652610246
2024-03-13,-0.0003661125785252182,-0.0003661125785252182,-0.0003661125785252182
2024-03-14,0.0038497146557771953,0.0038497146557771953,0.0038497146557771953
2024-03-15,-0.004057822684352268,-0.004057822684352268,-0.004057822684352268
2024-03-18,-0.002223004577650736,-0.002223004577650736,-0.002223004577650736
2024-03-19,-0.010143743896400211,-0.010143743896400211,-0.010143743896400211
2024-03-20,0.004934930067103049,0.004934930067103049,0.004934930067103049
2024-03-21,-0.004412343417798195,-0.004412343417798195,-0.004412343417798195
2024-03-22,0.008623291834683598,0.008623291834683598,0.008623291834683598
2024-03-25,-0.002420170375763241,-0.002420170375763241,-0.002420170375763241
2024-03-26,0.00402614408618235,0.00402614408618235,0.00402614408618235
2024-03-27,0.005651229169884076,0.005651229169884076,0.005651229169884076
2024-03-28,-0.00021837239845443106,-0.00021837239845443106,-0.00021837239845443106
2024-04-01,-0.0060346141683083054,-0.0060346141683083054,-0.0060346141683083054
2024-04-02,0.007457736000658401,0.007457736000658401,0.007457736000658401
2024-04-03,0.010742601009927435,0.010742601009927435,0.010742601009927435
2024-04-04,0.0032632539322756827,0.0032632539322756827,0.0032632539322756827
2024-04-05,-0.00045985382840112946,-0.00045985382840112946,-0.00045985382840112946
2024-04-08,0.005035770198855186,0.005035770198855186,0.005035770198855186
2024-04-09,0.0044911594784569605,0.0044911594784569605,0.0044911594784569605
2024-04-10,-0.005427196631107655,-0.005427196631107655,-0.005427196631107655
2024-04-11,-0.003774314368221742,-0.003774314368221742,-0.003774314368221742
2024-04-12,-0.010612506754473339,-0.010612506754473339,-0.010612506754473339
2024-04-15,0.0002935911308074425,0.0002935911308074425,0.0002935911308074425
2024-04-16,-0.0024369834082520418,-0.0024369834082520418,-0.0024369834082520418
2024-04-17,-0.0046316076710461885,-0.0046316076710461885,-0.0046316076710461885
2024-04-18,0.002589966813885931,0.002589966813885931,0.002589966813885931
2024-04-19,-0.000564291498462215,-0.000564291498462215,-0.000564291498462215
2024-04-22,0.012612207841771672,0.012612207841771672,0.012612207841771672
2024-04-23,0.0013936888219238087,0.0013936888219238087,0.0013936888219238087
2024-04-24,0.0017209126805698455,0.0017209126805698455,0.0017209126805698455
2024-04-25,-0.006276760213814502,-0.006276760213814502,-0.006276760213814502
2024-04-26,0.0007420405831013381,0.0007420405831013381,0.0007420405831013381
2024-04-29,0.007505665998579815,0.007505665998579815,0.007505665998579815
2024-04-30,-0.0003708284717574089,-0.0003708284717574089,-0.0003708284717574089
2024-05-02,0.009279622201482197,0.009279622201482197,0.009279622201482197
2024-05-03,0.00024610824181722345,0.00024610824181722345,0.00024610824181722345
2024-05-06,-0.004126300628997695,-0.004126300628997695,-0.004126300628997695
2024-05-07,-0.012473888931638179,-0.012473888931638179,-0.012473888931638179
2024-05-08,0.0011385558632059697,0.0011385558632059697,0.0011385558632059697
2024-05-09,-0.00056691420467657,-0.00056691420467657,-0.00056691420467657
2024-05-10,0.00031065923173311807,0.00031065923173311807,0.00031065923173311807
2024-05-13,-0.003978399764625518,-0.003978399764625518,-0.003978399764625518
2024-05-14,-0.003865808873886565,-0.003865808873886565,-0.003865808873886565
2024-05-15,0.0019762479418632085,0.0019762479418632085,0.0019762479418632085
2024-05-16,-0.007223234838562478,-0.007223234838562478,-0.007223234838562478
2024-05-17,0.0076063624059366005,0.0076063624059366005,0.0076063624059366005
2024-05-20,-0.0008617671093736461,-0.0008617671093736461,-0.0008617671093736461
2024-05-21,-0.001740732201621565,-0.001740732201621565,-0.001740732201621565
2024-05-22,-0.0049953835632302185,-0.0049953835632302185,-0.0049953835632302185
2024-05-23,-0.001441763517517678,-0.001441763517517678,-0.001441763517517678
2024-05-24,0.003574613360917892,0.003574613360917892,0.003574613360917892
2024-05-27,0.00018807799463402297,0.00018807799463402297,0.00018807799463402297
2024-05-28,-0.0009443619353842422,-0.0009443619353842422,-0.0009443619353842422
2024-05-29,0.002521089975152783,0.002521089975152783,0.002521089975152783
2024-05-31,0.004739162512933778,0.004739162512933778,0.004739162512933778
2024-06-03,-0.002576932634175811,-0.002576932634175811,-0.002576932634175811
2024-06-04,-0.0005040689889083201,-0.0005040689889083201,-0.0005040689889083201
2024-06-05,-0.0010346634923521524,-0.0010346634923521524,-0.0010346634923521524
2024-06-06,0.0005598840894487701,0.0005598840894487701,0.0005598840894487701
2024-06-07,-0.006418604225372771,-0.006418604225372771,-0.006418604225372771
2024-06-10,-0.012548371291560651,-0.012548371291560651,-0.012548371291560651
2024-06-11,0.0031100464918965313,0.0031100464918965313,0.0031100464918965313
2024-06-12,-0.00484490852564234,-0.00484490852564234,-0.00484490852564234
2024-06-13,-0.002629558286776555,-0.002629558286776555,-0.002629558286776555
2024-06-14,-0.002472730112064261,-0.002472730112064261,-0.002472730112064261
2024-06-17,-0.0032425852261189956,-0.0032425852261189956,-0.0032425852261189956
2024-06-18,-0.0007996914223733988,-0.0007996914223733988,-0.0007996914223733988
2024-06-19,-0.00438696209597283,-0.00438696209597283,-0.00438696209597283
2024-06-20,0.003757769529645609,0.003757769529645609,0.003757769529645609
2024-06-21,-0.0007481176984718306,-0.0007481176984718306,-0.0007481176984718306
2024-06-24,0.011670636303222627,0.011670636303222627,0.011670636303222627
2024-06-25,0.009558717393735584,0.009558717393735584,0.009558717393735584
2024-06-26,0.000848255559667574,0.000848255559667574,0.000848255559667574
2024-06-27,0.00676551139713459,0.00676551139713459,0.00676551139713459
2024-06-28,0.004446313843767288,0.004446313843767288,0.004446313843767288
2024-07-01,0.006820132829630839,0.006820132829630839,0.006820132829630839
2024-07-02,0.004864587308426685,0.004864587308426685,0.004864587308426685
2024-07-03,-0.004415704904705249,-0.004415704904705249,-0.004415704904705249
2024-07-04,0.00112025675724683,0.00112025675724683,0.00112025675724683
2024-07-05,-0.0029635987540636297,-0.0029635987540636297,-0.0029635987540636297
2024-07-08,0.00913574803680187,0.00913574803680187,0.00913574803680187
2024-07-09,-0.000207109271560125,-0.000207109271560125,-0.000207109271560125
2024-07-10,-0.0021423326597028868,-0.0021423326597028868,-0.0021423326597028868
2024-07-11,0.007785711711069415,0.007785711711069415,0.007785711711069415
2024-07-12,0.0016308353594154796,0.0016308353594154796,0.0016308353594154796
2024-07-15,0.005119992456985072,0.005119992456985072,0.005119992456985072
2024-07-16,-0.007265822782803549,-0.007265822782803549,-0.007265822782803549
2024-07-17,0.0027782963753024024,0.0027782963753024024,0.0027782963753024024
2024-07-18,-0.0058211330151181065,-0.0058211330151181065,-0.0058211330151181065
2024-07-19,0.000818565688891182,0.000818565688891182,0.000818565688891182
2024-07-22,0.008446823103178316,0.008446823103178316,0.008446823103178316
2024-07-23,-0.007139806200009723,-0.007139806200009723,-0.007139806200009723
2024-07-24,-0.0014726098874244277,-0.0014726098874244277,-0.0014726098874244277
2024-07-25,-0.004110623178551671,-0.004110623178551671,-0.004110623178551671
2024-07-26,-0.0009104186846409589,-0.0009104186846409589,-0.0009104186846409589
2024-07-29,-0.005652588461995296,-0.005652588461995296,-0.005652588461995296
2024-07-30,-0.0049701344877576175,-0.0049701344877576175,-0.0049701344877576175
2024-07-31,0.005720749559447213,0.005720749559447213,0.005720749559447213
2024-08-01,0.006803042468549584,0.006803042468549584,0.006803042468549584
2024-08-02,-0.010886459097436001,-0.010886459097436001,-0.010886459097436001
2024-08-05,-0.003427239677697211,-0.003427239677697211,-0.003427239677697211
2024-08-06,0.002884628860959388,0.002884628860959388,0.002884628860959388
2024-08-07,-0.00032673965878781314,-0.00032673965878781314,-0.00032673965878781314
2024-08-08,0.003967307041076787,0.003967307041076787,0.003967307041076787
2024-08-09,0.0005033357779528058,0.0005033357779528058,0.0005033357779528058
2024-08-12,0.00098259996644258,0.00098259996644258,0.00098259996644258
2024-08-13,0.00377648731034527,0.00377648731034527,0.00377648731034527
2024-08-14,0.00582581296490502,0.00582581296490502,0.00582581296490502
2024-08-15,0.008176079931772294,0.008176079931772294,0.008176079931772294
2024-08-16,-0.00014373271623908625,-0.00014373271623908625,-0.00014373271623908625
2024-08-19,0.003649921040148572,0.003649921040148572,0.003649921040148572
2024-08-20,-0.006163406341671344,-0.006163406341671344,-0.006163406341671344
2024-08-21,0.0036672078739068657,0.0036672078739068657,0.0036672078739068657
2024-08-22,-0.00710799592389638,-0.00710799592389638,-0.00710799592389638
2024-08-23,0.011071810107295047,0.011071810107295047,0.011071810107295047
2024-08-26,-0.006534601497347347,-0.006534601497347347,-0.006534601497347347
2024-08-27,0.0006572795582205661,0.0006572795582205661,0.0006572795582205661
2024-08-28,-0.007844063783552508,-0.007844063783552508,-0.007844063783552508
2024-08-29,-0.00014169046461304062,-0.00014169046461304062,-0.00014169046461304062
2024-08-30,0.004749795737103748,0.004749795737103748,0.004749795737103748
2024-09-02,-0.01045241928320421,-0.01045241928320421,-0.01045241928320421
2024-09-03,-0.006153588127114826,-0.006153588127114826,-0.006153588127114826
2024-09-04,0.011626092476244172,0.011626092476244172,0.011626092476244172
2024-09-05,0.0016986612595501188,0.0016986612595501188,0.0016986612595501188
2024-09-06,-0.003996163073774067,-0.003996163073774067,-0.003996163073774067
2024-09-09,-0.000635112912448539,-0.000635112912448539,-0.000635112912448539
2024-09-10,-0.0003568073635156079,-0.0003568073635156079,-0.0003568073635156079
2024-09-11,0.00021012382105220495,0.00021012382105220495,0.00021012382105220495
2024-09-12,-0.004588482753749693,-0.004588482753749693,-0.004588482753749693
2024-09-13,0.003714430832391409,0.003714430832391409,0.003714430832391409
2024-09-16,0.0010805291103445091,0.0010805291103445091,0.0010805291103445091
2024-09-17,-0.0020779288932779583,-0.0020779288932779583,-0.0020779288932779583
2024-09-18,0.0008196003499988599,0.0008196003499988599,0.0008196003499988599
2024-09-19,-0.001051041777558337,-0.001051041777558337,-0.001051041777558337
2024-09-20,-0.0024159849975934965,-0.0024159849975934965,-0.0024159849975934965
2024-09-23,-0.001427047409738279,-0.001427047409738279,-0.001427047409738279
2024-09-24,0.003905035952499538,0.003905035952499538,0.003905035952499538
2024-09-25,0.0003838558983565661,0.0003838558983565661,0.0003838558983565661
2024-09-26,-0.0020739398386354,-0.0020739398386354,-0.0020739398386354
2024-09-27,0.0016235412169894878,0.0016235412169894878,0.0016235412169894878
2024-09-30,-0.004679383014370007,-0.004679383014370007,-0.004679383014370007
2024-10-01,0.001320016447098905,0.001320016447098905,0.001320016447098905
2024-10-02,0.001884214673263091,0.001884214673263091,0.001884214673263091
2024-10-03,-0.0033648525055896476,-0.0033648525055896476,-0.0033648525055896476
2024-10-04,-0.0027136717791764434,-0.0027136717791764434,-0.0027136717791764434
2024-10-07,-0.0023803507571447677,-0.0023803507571447677,-0.0023803507571447677
2024-10-08,0.0033650660025541703,0.0033650660025541703,0.0033650660025541703
2024-10-09,-0.007286866256839922,-0.007286866256839922,-0.007286866256839922
2024-10-10,0.0002140818217406759,0.0002140818217406759,0.0002140818217406759
2024-10-11,-0.00079554214617789,-0.00079554214617789,-0.00079554214617789
2024-10-14,-0.006129219195188619,-0.006129219195188619,-0.006129219195188619
2024-10-15,0.0020190321799685123,0.0020190321799685123,0.0020190321799685123
2024-10-16,0.003876540830775655,0.003876540830775655,0.003876540830775655
2024-10-17,-0.004714016526150346,-0.004714016526150346,-0.004714016526150346
2024-10-18,0.002605338055115596,0.002605338055115596,0.002605338055115596
2024-10-21,-0.0012415444221715924,-0.0012415444221715924,-0.0012415444221715924
2024-10-22,-0.002184973469333711,-0.002184973469333711,-0.002184973469333711
2024-10-23,0.0036575322156327016,0.0036575322156327016,0.0036575322156327016
2024-10-24,-0.0007546313468701752,-0.0007546313468701752,-0.0007546313468701752
2024-10-25,0.0007404493832872739,0.0007404493832872739,0.0007404493832872739
2024-10-28,-0.002100825077173944,-0.002100825077173944,-0.002100825077173944
2024-10-29,0.00028452930912117885,0.00028452930912117885,0.00028452930912117885
2024-10-30,-0.0006306252948286393,-0.0006306252948286393,-0.0006306252948286393
2024-10-31,-0.002126810733195635,-0.002126810733195635,-0.002126810733195635
2024-11-01,-0.0012713093622234266,-0.0012713093622234266,-0.0012713093622234266
2024-11-04,-0.0008930844738525663,-0.0008930844738525663,-0.0008930844738525663
2024-11-05,0.0050216902202631876,0.0050216902202631876,0.0050216902202631876
2024-11-06,-0.0025200049149774755,-0.0025200049149774755,-0.0025200049149774755
2024-11-07,-0.00068216519372617,-0.00068216519372617,-0.00068216519372617
2024-11-08,-0.0008217564994521987,-0.0008217564994521987,-0.0008217564994521987
2024-11-11,-0.004140650103212863,-0.004140650103212863,-0.004140650103212863
2024-11-12,0.0019620486029427093,0.0019620486029427093,0.0019620486029427093
2024-11-13,-0.0036524402986328752,-0.0036524402986328752,-0.0036524402986328752
2024-11-14,0.01182612233772859,0.01182612233772859,0.01182612233772859
2024-11-18,0.0020024664075558437,0.0020024664075558437,0.0020024664075558437
2024-11-19,0.004517061410424738,0.004517061410424738,0.004517061410424738
2024-11-21,-0.0048168369950948794,-0.0048168369950948794,-0.0048168369950948794
2024-11-22,0.005602001902769487,0.005602001902769487,0.005602001902769487
2024-11-25,-0.004142763901144128,-0.004142763901144128,-0.004142763901144128
2024-11-26,0.004234351019726602,0.004234351019726602,0.004234351019726602
2024-11-27,-0.013032628331121426,-0.013032628331121426,-0.013032628331121426
2024-11-28,-0.003782390234960043,-0.003782390234960043,-0.003782390234960043
2024-11-29,0.003531462675643268,0.003531462675643268,0.003531462675643268
2024-12-02,0.007895697343602681,0.007895697343602681,0.007895697343602681
2024-12-03,0.003866491482454422,0.003866491482454422,0.003866491482454422
2024-12-04,0.009273650799395992,0.009273650799395992,0.009273650799395992
2024-12-05,-0.00040555442594293725,-0.00040555442594293725,-0.00040555442594293725
2024-12-06,-0.003098413485606861,-0.003098413485606861,-0.003098413485606861
2024-12-09,-0.00476848545189573,-0.00476848545189573,-0.00476848545189573
2024-12-10,0.004873484697665601,0.004873484697665601,0.004873484697665601
2024-12-11,0.009979084587435164,0.009979084587435164,0.009979084587435164
2024-12-12,-0.0034018898253779964,-0.0034018898253779964,-0.0034018898253779964
2024-12-13,-0.003580074804217554,-0.003580074804217554,-0.003580074804217554
2024-12-16,0.0009736243200811227,0.0009736243200811227,0.0009736243200811227
2024-12-17,0.0055460740569921035,0.0055460740569921035,0.0055460740569921035
2024-12-18,-0.013722047971537428,-0.013722047971537428,-0.013722047971537428
2024-12-19,-0.014063707513254765,-0.014063707513254765,-0.014063707513254765
2024-12-20,0.003912853481036405,0.003912853481036405,0.003912853481036405
2024-12-23,-0.009357151801082543,-0.009357151801082543,-0.009357151801082543
2024-12-26,0.02010887451042199,0.02010887451042199,0.02010887451042199
2024-12-27,0.009147503771098837,0.009147503771098837,0.009147503771098837
2024-12-30,-0.0036751837080011666,-0.0036751837080011666,-0.0036751837080011666
2025-01-02,-0.0049326065335918,-0.0049326065335918,-0.0049326065335918
2025-01-03,-0.008159641902949407,-0.008159641902949407,-0.008159641902949407
2025-01-06,0.005846543351501267,0.005846543351501267,0.005846543351501267
2025-01-07,0.0068915298762840796,0.0068915298762840796,0.0068915298762840796
2025-01-08,0.004284435573740644,0.004284435573740644,0.004284435573740644
2025-01-09,-0.003931726738471107,-0.003931726738471107,-0.003931726738471107
2025-01-10,-0.0010697667448739316,-0.0010697667448739316,-0.0010697667448739316
2025-01-13,-0.0025280326722233715,-0.0025280326722233715,-0.0025280326722233715
2025-01-14,0.002077377474920388,0.002077377474920388,0.002077377474920388
2025-01-15,0.006813690933392253,0.006813690933392253,0.006813690933392253
2025-01-16,0.005305116895462322,0.005305116895462322,0.005305116895462322
2025-01-17,0.010340831335136951,0.010340831335136951,0.010340831335136951
2025-01-20,-0.013844097875370517,-0.013844097875370517,-0.013844097875370517
2025-01-21,0.0007785522426428733,0.0007785522426428733,0.0007785522426428733
2025-01-22,-0.00039073314975299477,-0.00039073314975299477,-0.00039073314975299477
2025-01-23,-0.0027576711991774074,-0.0027576711991774074,-0.0027576711991774074
2025-01-24,0.012909953343002593,0.012909953343002593,0.012909953343002593
2025-01-27,0.005649972595413384,0.005649972595413384,0.005649972595413384
2025-01-28,0.0007403087038363091,0.0007403087038363091,0.0007403087038363091
2025-01-29,-0.0006180877351836589,-0.0006180877351836589,-0.0006180877351836589
2025-01-30,0.009325873152856337,0.009325873152856337,0.009325873152856337
2025-01-31,-0.00113359477953222,-0.00113359477953222,-0.00113359477953222
2025-02-03,0.005449207939165739,0.005449207939165739,0.005449207939165739
2025-02-04,-0.006279296170124375,-0.006279296170124375,-0.006279296170124375
2025-02-05,-0.0013061883055336418,-0.0013061883055336418,-0.0013061883055336418
2025-02-06,0.0020615581676229787,0.0020615581676229787,0.0020615581676229787
2025-02-07,-0.0035174930918717997,-0.0035174930918717997,-0.0035174930918717997
2025-02-10,-0.0009551033715816082,-0.0009551033715816082,-0.0009551033715816082
2025-02-11,-0.002927462322290373,-0.002927462322290373,-0.002927462322290373
2025-02-12,0.0007262923529144124,0.0007262923529144124,0.0007262923529144124
2025-02-13,-0.0011250285109031296,-0.0011250285109031296,-0.0011250285109031296
2025-02-14,0.00700775495415191,0.00700775495415191,0.00700775495415191
2025-02-17,-0.006028888311004492,-0.006028888311004492,-0.006028888311004492
2025-02-18,0.00330576314521464,0.00330576314521464,0.00330576314521464
2025-02-19,-0.005159383040073336,-0.005159383040073336,-0.005159383040073336
2025-02-20,-0.0010111045127218492,-0.0010111045127218492,-0.0010111045127218492
2025-02-21,0.00555566895591577,0.00555566895591577,0.00555566895591577
2025-02-24,-0.0007236852198551967,-0.0007236852198551967,-0.0007236852198551967
2025-02-25,-0.0024315443111152537,-0.0024315443111152537,-0.0024315443111152537
2025-02-26,-0.006771124045756316,-0.006771124045756316,-0.006771124045756316
2025-02-27,0.005337857959811027,0.005337857959811027,0.005337857959811027
2025-02-28,0.0026499985486632214,0.0026499985486632214,0.0026499985486632214
2025-03-05,-0.0015799479338354588,-0.0015799479338354588,-0.0015799479338354588
2025-03-06,-0.004010805907653681,-0.004010805907653681,-0.004010805907653681
2025-03-07,0.014473752519817529,0.014473752519817529,0.014473752519817529
2025-03-10,-0.0011510685482032834,-0.0011510685482032834,-0.0011510685482032834
2025-03-11,-0.0023095392833084793,-0.0023095392833084793,-0.0023095392833084793
2025-03-12,-0.004590110771379036,-0.004590110771379036,-0.004590110771379036
2025-03-13,-0.0004295437918309215,-0.0004295437918309215,-0.0004295437918309215
2025-03-14,0.015156873694153828,0.015156873694153828,0.015156873694153828
2025-03-17,0.002252869682911966,0.002252869682911966,0.002252869682911966
2025-03-18,0.0034120104765619744,0.0034120104765619744,0.0034120104765619744
2025-03-19,0.0008009835315849847,0.0008009835315849847,0.0008009835315849847
2025-03-20,-0.006034277539165181,-0.006034277539165181,-0.006034277539165181
2025-03-21,0.0026811820670864465,0.0026811820670864465,0.0026811820670864465
2025-03-24,0.004492680511135705,0.004492680511135705,0.004492680511135705
2025-03-25,0.002389209060129366,0.002389209060129366,0.002389209060129366
2025-03-26,0.0028856555466197915,0.0028856555466197915,0.0028856555466197915
2025-03-27,0.003898038915503953,0.003898038915503953,0.003898038915503953
2025-03-28,0.011407225783866794,0.011407225783866794,0.011407225783866794
2025-03-31,-0.0009941836697105798,-0.0009941836697105798,-0.0009941836697105798
2025-04-01,0.009579420600956758,0.009579420600956758,0.009579420600956758
2025-04-02,-0.019253101616702205,-0.019253101616702205,-0.019253101616702205
2025-04-03,0.0022676685063756827,0.0022676685063756827,0.0022676685063756827
2025-04-04,-0.006875320423789251,-0.006875320423789251,-0.006875320423789251
2025-04-07,-0.008139889368727067,-0.008139889368727067,-0.008139889368727067
2025-04-08,-0.0064986254883728735,-0.0064986254883728735,-0.0064986254883728735
2025-04-09,0.009218113815222579,0.009218113815222579,0.009218113815222579
2025-04-10,-0.008852284907404901,-0.008852284907404901,-0.008852284907404901
2025-04-11,0.0019364753657009053,0.0019364753657009053,0.0019364753657009053
2025-04-14,-0.0022731455377714023,-0.0022731455377714023,-0.0022731455377714023
2025-04-15,0.0026763528913833863,0.0026763528913833863,0.0026763528913833863
2025-04-16,0.0056257399685091065,0.0056257399685091065,0.0056257399685091065
2025-04-17,0.0064644644810447505,0.0064644644810447505,0.0064644644810447505
2025-04-22,0.0023861723442033353,0.0023861723442033353,0.0023861723442033353
2025-04-23,0.0036899423647708185,0.0036899423647708185,0.0036899423647708185
2025-04-24,0.015373783775344669,0.015373783775344669,0.015373783775344669
2025-04-25,0.006911937032328406,0.006911937032328406,0.006911937032328406
2025-04-28,-0.0038081454829317217,-0.0038081454829317217,-0.0038081454829317217
2025-04-29,-0.00343061950466335,-0.00343061950466335,-0.00343061950466335
2025-04-30,0.00718598041425683,0.00718598041425683,0.00718598041425683
2025-05-02,-0.005719287690831102,-0.005719287690831102,-0.005719287690831102
2025-05-05,0.001301183055460548,0.001301183055460548,0.001301183055460548
2025-05-06,-0.0038043365393353535,-0.0038043365393353535,-0.0038043365393353535
2025-05-07,0.0024804671497349936,0.0024804671497349936,0.0024804671497349936
2025-05-08,0.005633893489418056,0.005633893489418056,0.005633893489418056
2025-05-09,0.0029493793551138127,0.0029493793551138127,0.0029493793551138127
2025-05-12,-0.0007990394304419474,-0.0007990394304419474,-0.0007990394304419474
2025-05-13,0.00812640933918222,0.00812640933918222,0.00812640933918222
2025-05-14,0.005762219034842253,0.005762219034842253,0.005762219034842253
2025-05-15,0.011813913133747354,0.011813913133747354,0.011813913133747354
2025-05-16,-0.0033196858376171937,-0.0033196858376171937,-0.0033196858376171937
2025-05-19,0.001132130699759422,0.001132130699759422,0.001132130699759422
2025-05-20,0.010679636829524043,0.010679636829524043,0.010679636829524043
2025-05-21,-0.007251070774950876,-0.007251070774950876,-0.007251070774950876
2025-05-22,0.002821738389519517,0.002821738389519517,0.002821738389519517
2025-05-23,0.005277930653685362,0.005277930653685362,0.005277930653685362
2025-05-26,0.005457224027038072,0.005457224027038072,0.005457224027038072
2025-05-27,0.0017376649798824199,0.0017376649798824199,0.0017376649798824199
2025-05-28,-0.0003965835585424092,-0.0003965835585424092,-0.0003965835585424092
2025-05-29,-0.0014483779040066827,-0.0014483779040066827,-0.0014483779040066827
2025-05-30,0.003639801990936345,0.003639801990936345,0.003639801990936345
2025-06-02,-0.0019011581438778222,-0.0019011581438778222,-0.0019011581438778222
2025-06-03,-0.005743148871272549,-0.005743148871272549,-0.005743148871272549
2025-06-04,0.005498736488928891,0.005498736488928891,0.005498736488928891
2025-06-05,-0.000449772138729705,-0.000449772138729705,-0.000449772138729705
2025-06-06,-0.0022228436462773072,-0.0022228436462773072,-0.0022228436462773072
2025-06-09,-0.003981998901159991,-0.003981998901159991,-0.003981998901159991
2025-06-10,0.0037060716408426767,0.0037060716408426767,0.0037060716408426767
2025-06-11,-0.0046461325878167465,-0.0046461325878167465,-0.0046461325878167465
2025-06-12,0.0020804670744027803,0.0020804670744027803,0.0020804670744027803
2025-06-13,-0.003219142816493904,-0.003219142816493904,-0.003219142816493904
2025-06-16,0.0034611921580004566,0.0034611921580004566,0.0034611921580004566
2025-06-17,0.000934870530845814,0.000934870530845814,0.000934870530845814
2025-06-18,-0.008521029060378547,-0.008521029060378547,-0.008521029060378547
2025-06-20,-0.0014687137909677858,-0.0014687137909677858,-0.0014687137909677858
2025-06-23,0.0008112258289909664,0.0008112258289909664,0.0008112258289909664
2025-06-24,0.00257145368785033,0.00257145368785033,0.00257145368785033
2025-06-25,-0.013356730567153231,-0.013356730567153231,-0.013356730567153231
2025-06-26,0.00969901071936981,0.00969901071936981,0.00969901071936981
2025-06-27,0.003820291242966344,0.003820291242966344,0.003820291242966344
2025-06-30,0.004885605545215282,0.004885605545215282,0.004885605545215282
2025-07-01,0.0024440707505063485,0.0024440707505063485,0.0024440707505063485
2025-07-02,-0.007849192426592246,-0.007849192426592246,-0.007849192426592246
2025-07-03,0.014095558315392345,0.014095558315392345,0.014095558315392345
2025-07-04,-0.002031557743758958,-0.002031557743758958,-0.002031557743758958
2025-07-07,-0.0011176955049866386,-0.0011176955049866386,-0.0011176955049866386
2025-07-08,-0.007043797330180124,-0.007043797330180124,-0.007043797330180124
2025-07-09,-0.0111642713150823,-0.0111642713150823,-0.0111642713150823
2025-07-10,-0.007792697166292299,-0.007792697166292299,-0.007792697166292299
2025-07-11,0.002904244633602414,0.002904244633602414,0.002904244633602414
2025-07-14,-0.010133442531566356,-0.010133442531566356,-0.010133442531566356
2025-07-15,0.002128546718825516,0.002128546718825516,0.002128546718825516
2025-07-16,0.0016676842120796468,0.0016676842120796468,0.0016676842120796468
2025-07-17,0.0001898584025371893,0.0001898584025371893,0.0001898584025371893
2025-07-18,-0.008903162632039444,-0.008903162632039444,-0.008903162632039444
2025-07-21,0.007781427098504193,0.007781427098504193,0.007781427098504193
2025-07-22,-0.010662182613128087,-0.010662182613128087,-0.010662182613128087
2025-07-23,-0.0035479432573365475,-0.0035479432573365475,-0.0035479432573365475
2025-07-24,-0.005014204886174003,-0.005014204886174003,-0.005014204886174003
2025-07-25,0.0037961121067075962,0.0037961121067075962,0.0037961121067075962
2025-07-28,0.0005500229013766043,0.0005500229013766043,0.0005500229013766043
2025-07-29,0.008340384478926138,0.008340384478926138,0.008340384478926138
2025-07-30,-0.0033993586579925015,-0.0033993586579925015,-0.0033993586579925015
2025-07-31,0.002156319098034201,0.002156319098034201,0.002156319098034201
2025-08-01,-0.0016510751786442252,-0.0016510751786442252,-0.0016510751786442252
2025-08-04,0.002724959689308639,0.002724959689308639,0.002724959689308639
2025-08-05,-0.003439815990331885,-0.003439815990331885,-0.003439815990331885
2025-08-06,0.006276040865966424,0.006276040865966424,0.006276040865966424
2025-08-07,0.011222100328065313,0.011222100328065313,0.011222100328065313
2025-08-08,-0.0010318847737148043,-0.0010318847737148043,-0.0010318847737148043
2025-08-11,-0.006975401866415387,-0.006975401866415387,-0.006975401866415387
2025-08-12,0.01031041025648226,0.01031041025648226,0.01031041025648226
2025-08-13,0.002122032953048177,0.002122032953048177,0.002122032953048177
2025-08-14,0.008829788077947136,0.008829788077947136,0.008829788077947136
2025-08-15,0.009410906233523954,0.009410906233523954,0.009410906233523954
2025-08-18,0.006101118502295701,0.006101118502295701,0.006101118502295701
2025-08-19,-0.013498298427792406,-0.013498298427792406,-0.013498298427792406
2025-08-20,0.002166254260480488,0.002166254260480488,0.002166254260480488
2025-08-21,-0.0037408623235526007,-0.0037408623235526007,-0.0037408623235526007
2025-08-22,0.014528984037740814,0.014528984037740814,0.014528984037740814
2025-08-25,0.0007808805257996777,0.0007808805257996777,0.0007808805257996777
2025-08-26,0.005255273566288505,0.005255273566288505,0.005255273566288505
2025-08-27,0.0023505672657464444,0.0023505672657464444,0.0023505672657464444
2025-08-28,0.0023280345430136636,0.0023280345430136636,0.0023280345430136636
2025-08-29,0.0002108519452264265,0.0002108519452264265,0.0002108519452264265
2025-09-01,-0.0013539402769865156,-0.0013539402769865156,-0.0013539402769865156
2025-09-02,0.0062219987332978455,0.0062219987332978455,0.0062219987332978455
2025-09-03,0.001978002681401486,0.001978002681401486,0.001978002681401486
2025-09-04,0.014076119689135181,0.014076119689135181,0.014076119689135181
2025-09-05,-0.006088869280900377,-0.006088869280900377,-0.006088869280900377
2025-09-08,-0.013477494777199407,-0.013477494777199407,-0.013477494777199407
2025-09-09,0.003610672097480337,0.003610672097480337,0.003610672097480337
2025-09-10,0.0020702962001540584,0.0020702962001540584,0.0020702962001540584
2025-09-11,-0.000831377818217308,-0.000831377818217308,-0.000831377818217308
2025-09-12,0.003958728077773439,0.003958728077773439,0.003958728077773439
2025-09-15,0.012165169406660271,0.012165169406660271,0.012165169406660271
2025-09-16,-0.010203689181521012,-0.010203689181521012,-0.010203689181521012
2025-09-17,0.0070148859949552,0.0070148859949552,0.0070148859949552
2025-09-18,-0.005545984011152011,-0.005545984011152011,-0.005545984011152011
2025-09-19,0.00842901715790888,0.00842901715790888,0.00842901715790888
2025-09-22,0.004053266857362087,0.004053266857362087,0.004053266857362087
2025-09-23,-0.001147319143664273,-0.001147319143664273,-0.001147319143664273
2025-09-24,0.0021217490696471366,0.0021217490696471366,0.0021217490696471366
2025-09-25,-0.0070601636870124595,-0.0070601636870124595,-0.0070601636870124595
2025-09-26,-0.004275788672767247,-0.004275788672767247,-0.004275788672767247
2025-09-29,0.002414325773883884,0.002414325773883884,0.002414325773883884
2025-09-30,0.001657730341578895,0.001657730341578895,0.001657730341578895
2025-10-01,-0.004251873448580249,-0.004251873448580249,-0.004251873448580249
2025-10-02,-0.001171700209323283,-0.001171700209323283,-0.001171700209323283
2025-10-03,-0.010256312935713845,-0.010256312935713845,-0.010256312935713845
2025-10-06,-0.0028081784022440277,-0.0028081784022440277,-0.0028081784022440277
2025-10-07,-0.002648486441331108,-0.002648486441331108,-0.002648486441331108
2025-10-08,-0.002551061276427107,-0.002551061276427107,-0.002551061276427107
2025-10-09,0.004034927633508748,0.004034927633508748,0.004034927633508748
2025-10-10,-0.007257200440346676,-0.007257200440346676,-0.007257200440346676
2025-10-13,0.00464207032885079,0.00464207032885079,0.00464207032885079
2025-10-14,-0.006726654647780729,-0.006726654647780729,-0.006726654647780729
2025-10-15,0.0037822160482876557,0.0037822160482876557,0.0037822160482876557
2025-10-16,-0.004947982883588055,-0.004947982883588055,-0.004947982883588055
2025-10-17,-0.001301485985398406,-0.001301485985398406,-0.001301485985398406
2025-10-20,0.008245669728018356,0.008245669728018356,0.008245669728018356
2025-10-21,-0.00013540041449548886,-0.00013540041449548886,-0.00013540041449548886
2025-10-22,-0.016361081392408265,-0.016361081392408265,-0.016361081392408265
2025-10-23,0.003312221349186872,0.003312221349186872,0.003312221349186872
2025-10-24,0.0017133447425539234,0.0017133447425539234,0.0017133447425539234
2025-10-27,0.0074456628858678665,0.0074456628858678665,0.0074456628858678665
2025-10-28,-0.0030230882633190386,-0.0030230882633190386,-0.0030230882633190386
2025-10-29,0.0031990844228466874,0.0031990844228466874,0.0031990844228466874
2025-10-30,0.005347596909158313,0.005347596909158313,0.005347596909158313
2025-10-31,0.006405478779754769,0.006405478779754769,0.006405478779754769
2025-11-03,0.008167339841903392,0.008167339841903392,0.008167339841903392
2025-11-04,0.009051408651489519,0.009051408651489519,0.009051408651489519
2025-11-05,0.006940625059028979,0.006940625059028979,0.006940625059028979
2025-11-06,-0.004099822784775764,-0.004099822784775764,-0.004099822784775764
2025-11-07,0.0025763276742860313,0.0025763276742860313,0.0025763276742860313
2025-11-10,0.009812056380286757,0.009812056380286757,0.009812056380286757
2025-11-11,0.005954638845117232,0.005954638845117232,0.005954638845117232
2025-11-12,0.009829472893346382,0.009829472893346382,0.009829472893346382
2025-11-13,-0.002925001939847009,-0.002925001939847009,-0.002925001939847009
2025-11-14,0.0009384769671066384,0.0009384769671066384,0.0009384769671066384
2025-11-17,0.005986994309849799,0.005986994309849799,0.005986994309849799
2025-11-18,-0.00709470965599208,-0.00709470965599208,-0.00709470965599208
2025-11-19,0.0033115170933891774,0.0033115170933891774,0.0033115170933891774
2025-11-21,-0.0006977581910598599,-0.0006977581910598599,-0.0006977581910598599
2025-11-24,0.007729207094395354,0.007729207094395354,0.007729207094395354
2025-11-25,0.0015471518685313478,0.0015471518685313478,0.0015471518685313478
2025-11-26,0.00816845100186655,0.00816845100186655,0.00816845100186655
2025-11-27,0.0012682078296448662,0.0012682078296448662,0.0012682078296448662
2025-11-28,0.00847558961306521,0.00847558961306521,0.00847558961306521
2025-12-01,-0.007724654998168067,-0.007724654998168067,-0.007724654998168067
2025-12-02,0.008204986772283722,0.008204986772283722,0.008204986772283722
2025-12-03,-0.010092294187822263,-0.010092294187822263,-0.010092294187822263
2025-12-04,0.015454372586289478,0.015454372586289478,0.015454372586289478
2025-12-05,-0.018672207932851084,-0.018672207932851084,-0.018672207932851084
2025-12-08,0.012125994719624215,0.012125994719624215,0.012125994719624215
2025-12-09,-0.00738260467894069,-0.00738260467894069,-0.00738260467894069
2025-12-10,-0.0014704716485487344,-0.0014704716485487344,-0.0014704716485487344
2025-12-11,-0.005150295320576127,-0.005150295320576127,-0.005150295320576127
2025-12-12,0.007953522813159563,0.007953522813159563,0.007953522813159563
2025-12-15,0.013525531440530024,0.013525531440530024,0.013525531440530024
2025-12-16,-0.005326155234123862,-0.005326155234123862,-0.005326155234123862
2025-12-17,0.0026000993042202274,0.0026000993042202274,0.0026000993042202274
2025-12-18,0.005848933052921107,0.005848933052921107,0.005848933052921107
2025-12-19,0.005821734324778909,0.005821734324778909,0.005821734324778909
2025-12-22,0.0002571570786541024,0.0002571570786541024,0.0002571570786541024
2025-12-23,0.019777932522971813,0.019777932522971813,0.019777932522971813
2025-12-26,0.0065818190974921064,0.0065818190974921064,0.0065818190974921064
2025-12-29,-0.012219387560971611,-0.012219387560971611,-0.012219387560971611
2025-12-30,0.004015870162558902,0.004015870162558902,0.004015870162558902
