Data_Rebalanceamento,Data_Aplicacao,Tempo_Segundos
2022-01-10,2022-01-11,0.029076099395751953
2022-01-11,2022-01-12,0.050632476806640625
2022-01-12,2022-01-13,0.048148393630981445
2022-01-13,2022-01-14,0.06307792663574219
2022-01-14,2022-01-17,0.049745798110961914
2022-01-17,2022-01-18,0.04607820510864258
2022-01-18,2022-01-19,0.05353975296020508
2022-01-19,2022-01-20,0.04593205451965332
2022-01-20,2022-01-21,0.05562186241149902
2022-01-21,2022-01-24,0.024225950241088867
2022-01-24,2022-01-25,0.024269580841064453
2022-01-25,2022-01-26,0.024597883224487305
2022-01-26,2022-01-27,0.043821096420288086
2022-01-27,2022-01-28,0.05507493019104004
2022-01-28,2022-01-31,0.0690755844116211
2022-01-31,2022-02-01,0.04312562942504883
2022-02-01,2022-02-02,0.028378009796142578
2022-02-02,2022-02-03,0.02776503562927246
2022-02-03,2022-02-04,0.028171300888061523
2022-02-04,2022-02-07,0.05537581443786621
2022-02-07,2022-02-08,0.04441714286804199
2022-02-08,2022-02-09,0.04479694366455078
2022-02-09,2022-02-10,0.057839155197143555
2022-02-10,2022-02-11,0.02839803695678711
2022-02-11,2022-02-14,0.024765968322753906
2022-02-14,2022-02-15,0.02478957176208496
2022-02-15,2022-02-16,0.024715662002563477
2022-02-16,2022-02-17,0.0242922306060791
2022-02-17,2022-02-18,0.04574155807495117
2022-02-18,2022-02-21,0.05483078956604004
2022-02-21,2022-02-22,0.025897502899169922
2022-02-22,2022-02-23,0.025376081466674805
2022-02-23,2022-02-24,0.025376081466674805
2022-02-24,2022-02-25,0.02526998519897461
2022-02-25,2022-03-02,0.025404691696166992
2022-03-02,2022-03-03,0.0253143310546875
2022-03-03,2022-03-04,0.02562546730041504
2022-03-04,2022-03-07,0.025347232818603516
2022-03-07,2022-03-08,0.025440454483032227
2022-03-08,2022-03-09,0.025045156478881836
2022-03-09,2022-03-10,0.02525019645690918
2022-03-10,2022-03-11,0.0252072811126709
2022-03-11,2022-03-14,0.0257260799407959
2022-03-14,2022-03-15,0.025360584259033203
2022-03-15,2022-03-16,0.024986743927001953
2022-03-16,2022-03-17,0.025060415267944336
2022-03-17,2022-03-18,0.02512216567993164
2022-03-18,2022-03-21,0.02499699592590332
2022-03-21,2022-03-22,0.024911165237426758
2022-03-22,2022-03-23,0.025170087814331055
2022-03-23,2022-03-24,0.02500176429748535
2022-03-24,2022-03-25,0.025208234786987305
2022-03-25,2022-03-28,0.024476289749145508
2022-03-28,2022-03-29,0.025228023529052734
2022-03-29,2022-03-30,0.025547027587890625
2022-03-30,2022-03-31,0.025040388107299805
2022-03-31,2022-04-01,0.025321483612060547
2022-04-01,2022-04-04,0.02533698081970215
2022-04-04,2022-04-05,0.0248105525970459
2022-04-05,2022-04-06,0.02498340606689453
2022-04-06,2022-04-07,0.025007963180541992
2022-04-07,2022-04-08,0.025545835494995117
2022-04-08,2022-04-11,0.025211334228515625
2022-04-11,2022-04-12,0.025075435638427734
2022-04-12,2022-04-13,0.025252342224121094
2022-04-13,2022-04-14,0.024752378463745117
2022-04-14,2022-04-18,0.024928569793701172
2022-04-18,2022-04-19,0.025249004364013672
2022-04-19,2022-04-20,0.024978160858154297
2022-04-20,2022-04-22,0.025277376174926758
2022-04-22,2022-04-25,0.02508854866027832
2022-04-25,2022-04-26,0.02486729621887207
2022-04-26,2022-04-27,0.024727582931518555
2022-04-27,2022-04-28,0.03667140007019043
2022-04-28,2022-04-29,0.025238513946533203
2022-04-29,2022-05-02,0.025643110275268555
2022-05-02,2022-05-03,0.02467036247253418
2022-05-03,2022-05-04,0.04532361030578613
2022-05-04,2022-05-05,0.04742431640625
2022-05-05,2022-05-06,0.06972408294677734
2022-05-06,2022-05-09,0.025382518768310547
2022-05-09,2022-05-10,0.0253450870513916
2022-05-10,2022-05-11,0.05066800117492676
2022-05-11,2022-05-12,0.04505753517150879
2022-05-12,2022-05-13,0.03477597236633301
2022-05-13,2022-05-16,0.024927616119384766
2022-05-16,2022-05-17,0.024952411651611328
2022-05-17,2022-05-18,0.02484416961669922
2022-05-18,2022-05-19,0.025264739990234375
2022-05-19,2022-05-20,0.02728581428527832
2022-05-20,2022-05-23,0.04438900947570801
2022-05-23,2022-05-24,0.024377822875976562
2022-05-24,2022-05-25,0.025115489959716797
2022-05-25,2022-05-26,0.024167537689208984
2022-05-26,2022-05-27,0.024302005767822266
2022-05-27,2022-05-30,0.024416208267211914
2022-05-30,2022-05-31,0.024463891983032227
2022-05-31,2022-06-01,0.024489641189575195
2022-06-01,2022-06-02,0.02498626708984375
2022-06-02,2022-06-03,0.024384737014770508
2022-06-03,2022-06-06,0.02561497688293457
2022-06-06,2022-06-07,0.024502992630004883
2022-06-07,2022-06-08,0.024501562118530273
2022-06-08,2022-06-09,0.02453470230102539
2022-06-09,2022-06-10,0.024559497833251953
2022-06-10,2022-06-13,0.024369478225708008
2022-06-13,2022-06-14,0.024068355560302734
2022-06-14,2022-06-15,0.02421879768371582
2022-06-15,2022-06-17,0.024588584899902344
2022-06-17,2022-06-20,0.025526762008666992
2022-06-20,2022-06-21,0.024339675903320312
2022-06-21,2022-06-22,0.024260282516479492
2022-06-22,2022-06-23,0.024274110794067383
2022-06-23,2022-06-24,0.024295806884765625
2022-06-24,2022-06-27,0.024441003799438477
2022-06-27,2022-06-28,0.02500128746032715
2022-06-28,2022-06-29,0.02442479133605957
2022-06-29,2022-06-30,0.024100065231323242
2022-06-30,2022-07-01,0.026005268096923828
2022-07-01,2022-07-04,0.02466559410095215
2022-07-04,2022-07-05,0.024115800857543945
2022-07-05,2022-07-06,0.025092124938964844
2022-07-06,2022-07-07,0.02449774742126465
2022-07-07,2022-07-08,0.05662202835083008
2022-07-08,2022-07-11,0.0274198055267334
2022-07-11,2022-07-12,0.027164459228515625
2022-07-12,2022-07-13,0.02483654022216797
2022-07-13,2022-07-14,0.039458513259887695
2022-07-14,2022-07-15,0.04948782920837402
2022-07-15,2022-07-18,0.03232073783874512
2022-07-18,2022-07-19,0.025270938873291016
2022-07-19,2022-07-20,0.025249958038330078
2022-07-20,2022-07-21,0.026271581649780273
2022-07-21,2022-07-22,0.0253448486328125
2022-07-22,2022-07-25,0.02461409568786621
2022-07-25,2022-07-26,0.02534174919128418
2022-07-26,2022-07-27,0.026113271713256836
2022-07-27,2022-07-28,0.024726152420043945
2022-07-28,2022-07-29,0.02549004554748535
2022-07-29,2022-08-01,0.025742530822753906
2022-08-01,2022-08-02,0.025786399841308594
2022-08-02,2022-08-03,0.02589249610900879
2022-08-03,2022-08-04,0.02579331398010254
2022-08-04,2022-08-05,0.02538275718688965
2022-08-05,2022-08-08,0.026680707931518555
2022-08-08,2022-08-09,0.02548694610595703
2022-08-09,2022-08-10,0.02594590187072754
2022-08-10,2022-08-11,0.024914979934692383
2022-08-11,2022-08-12,0.026488304138183594
2022-08-12,2022-08-15,0.023778438568115234
2022-08-15,2022-08-16,0.02530193328857422
2022-08-16,2022-08-17,0.02429795265197754
2022-08-17,2022-08-18,0.025321245193481445
2022-08-18,2022-08-19,0.02417469024658203
2022-08-19,2022-08-22,0.024197101593017578
2022-08-22,2022-08-23,0.02465677261352539
2022-08-23,2022-08-24,0.024503469467163086
2022-08-24,2022-08-25,0.02470231056213379
2022-08-25,2022-08-26,0.024085283279418945
2022-08-26,2022-08-29,0.025069236755371094
2022-08-29,2022-08-30,0.02453780174255371
2022-08-30,2022-08-31,0.024872541427612305
2022-08-31,2022-09-01,0.02480459213256836
2022-09-01,2022-09-02,0.02402782440185547
2022-09-02,2022-09-05,0.024716854095458984
2022-09-05,2022-09-06,0.025146007537841797
2022-09-06,2022-09-08,0.0238797664642334
2022-09-08,2022-09-09,0.024683475494384766
2022-09-09,2022-09-12,0.024250268936157227
2022-09-12,2022-09-13,0.023734092712402344
2022-09-13,2022-09-14,0.02479720115661621
2022-09-14,2022-09-15,0.024364471435546875
2022-09-15,2022-09-16,0.024484872817993164
2022-09-16,2022-09-19,0.025034427642822266
2022-09-19,2022-09-20,0.024960756301879883
2022-09-20,2022-09-21,0.05666089057922363
2022-09-21,2022-09-22,0.027019023895263672
2022-09-22,2022-09-23,0.040375709533691406
2022-09-23,2022-09-26,0.051699161529541016
2022-09-26,2022-09-27,0.025235652923583984
2022-09-27,2022-09-28,0.024869918823242188
2022-09-28,2022-09-29,0.025569915771484375
2022-09-29,2022-09-30,0.025223493576049805
2022-09-30,2022-10-03,0.02535104751586914
2022-10-03,2022-10-04,0.02538919448852539
2022-10-04,2022-10-05,0.025325536727905273
2022-10-05,2022-10-06,0.025136709213256836
2022-10-06,2022-10-07,0.02565288543701172
2022-10-07,2022-10-10,0.025354623794555664
2022-10-10,2022-10-11,0.025114774703979492
2022-10-11,2022-10-13,0.025415897369384766
2022-10-13,2022-10-14,0.024421215057373047
2022-10-14,2022-10-17,0.0698394775390625
2022-10-17,2022-10-18,0.04881119728088379
2022-10-18,2022-10-19,0.03126096725463867
2022-10-19,2022-10-20,0.030818939208984375
2022-10-20,2022-10-21,0.025990009307861328
2022-10-21,2022-10-24,0.03560376167297363
2022-10-24,2022-10-25,0.025784969329833984
2022-10-25,2022-10-26,0.03754138946533203
2022-10-26,2022-10-27,0.03540778160095215
2022-10-27,2022-10-28,0.05277585983276367
2022-10-28,2022-10-31,0.032621145248413086
2022-10-31,2022-11-01,0.04611039161682129
2022-11-01,2022-11-03,0.029653549194335938
2022-11-03,2022-11-04,0.03020191192626953
2022-11-04,2022-11-07,0.029812335968017578
2022-11-07,2022-11-08,0.03017568588256836
2022-11-08,2022-11-09,0.030183076858520508
2022-11-09,2022-11-10,0.02518296241760254
2022-11-10,2022-11-11,0.025749921798706055
2022-11-11,2022-11-14,0.025374650955200195
2022-11-14,2022-11-16,0.029731035232543945
2022-11-16,2022-11-17,0.026020526885986328
2022-11-17,2022-11-18,0.025806665420532227
2022-11-18,2022-11-21,0.026419401168823242
2022-11-21,2022-11-22,0.02600860595703125
2022-11-22,2022-11-23,0.025379657745361328
2022-11-23,2022-11-24,0.025260210037231445
2022-11-24,2022-11-25,0.02555084228515625
2022-11-25,2022-11-28,0.02596449851989746
2022-11-28,2022-11-29,0.026317834854125977
2022-11-29,2022-11-30,0.02575540542602539
2022-11-30,2022-12-01,0.026276111602783203
2022-12-01,2022-12-02,0.02576136589050293
2022-12-02,2022-12-05,0.02509331703186035
2022-12-05,2022-12-06,0.02551436424255371
2022-12-06,2022-12-07,0.025813579559326172
2022-12-07,2022-12-08,0.02508378028869629
2022-12-08,2022-12-09,0.02570199966430664
2022-12-09,2022-12-12,0.02523946762084961
2022-12-12,2022-12-13,0.026936054229736328
2022-12-13,2022-12-14,0.025341272354125977
2022-12-14,2022-12-15,0.025391340255737305
2022-12-15,2022-12-16,0.026362180709838867
2022-12-16,2022-12-19,0.025670289993286133
2022-12-19,2022-12-20,0.02389836311340332
2022-12-20,2022-12-21,0.024591922760009766
2022-12-21,2022-12-22,0.02529621124267578
2022-12-22,2022-12-23,0.024372100830078125
2022-12-23,2022-12-26,0.02576303482055664
2022-12-26,2022-12-27,0.02411508560180664
2022-12-27,2022-12-28,0.024208784103393555
2022-12-28,2022-12-29,0.024146318435668945
2022-12-29,2023-01-02,0.024049997329711914
2023-01-02,2023-01-03,0.024399280548095703
2023-01-03,2023-01-04,0.024085044860839844
2023-01-04,2023-01-05,0.024681568145751953
2023-01-05,2023-01-06,0.02477264404296875
2023-01-06,2023-01-09,0.025721311569213867
2023-01-09,2023-01-10,0.02431035041809082
2023-01-10,2023-01-11,0.02516937255859375
2023-01-11,2023-01-12,0.025435924530029297
2023-01-12,2023-01-13,0.025534868240356445
2023-01-13,2023-01-16,0.025384902954101562
2023-01-16,2023-01-17,0.025182008743286133
2023-01-17,2023-01-18,0.025142431259155273
2023-01-18,2023-01-19,0.025114059448242188
2023-01-19,2023-01-20,0.024661540985107422
2023-01-20,2023-01-23,0.0247495174407959
2023-01-23,2023-01-24,0.02550053596496582
2023-01-24,2023-01-25,0.02433633804321289
2023-01-25,2023-01-26,0.02509450912475586
2023-01-26,2023-01-27,0.025490522384643555
2023-01-27,2023-01-30,0.0253293514251709
2023-01-30,2023-01-31,0.02493000030517578
2023-01-31,2023-02-01,0.02571582794189453
2023-02-01,2023-02-02,0.02523946762084961
2023-02-02,2023-02-03,0.026207447052001953
2023-02-03,2023-02-06,0.024349689483642578
2023-02-06,2023-02-07,0.02501988410949707
2023-02-07,2023-02-08,0.025135040283203125
2023-02-08,2023-02-09,0.02497553825378418
2023-02-09,2023-02-10,0.024979114532470703
2023-02-10,2023-02-13,0.024764299392700195
2023-02-13,2023-02-14,0.024678945541381836
2023-02-14,2023-02-15,0.026346683502197266
2023-02-15,2023-02-16,0.02639627456665039
2023-02-16,2023-02-17,0.02556753158569336
2023-02-17,2023-02-22,0.02659749984741211
2023-02-22,2023-02-23,0.02649235725402832
2023-02-23,2023-02-24,0.025555849075317383
2023-02-24,2023-02-27,0.025938034057617188
2023-02-27,2023-02-28,0.026530981063842773
2023-02-28,2023-03-01,0.028122663497924805
2023-03-01,2023-03-02,0.025752782821655273
2023-03-02,2023-03-03,0.02585434913635254
2023-03-03,2023-03-06,0.02536487579345703
2023-03-06,2023-03-07,0.04038715362548828
2023-03-07,2023-03-08,0.026171445846557617
2023-03-08,2023-03-09,0.0440974235534668
2023-03-09,2023-03-10,0.025647878646850586
2023-03-10,2023-03-13,0.02453899383544922
2023-03-13,2023-03-14,0.025075435638427734
2023-03-14,2023-03-15,0.02542567253112793
2023-03-15,2023-03-16,0.02472400665283203
2023-03-16,2023-03-17,0.024848461151123047
2023-03-17,2023-03-20,0.024648666381835938
2023-03-20,2023-03-21,0.025576353073120117
2023-03-21,2023-03-22,0.024791717529296875
2023-03-22,2023-03-23,0.025333166122436523
2023-03-23,2023-03-24,0.025021791458129883
2023-03-24,2023-03-27,0.02372431755065918
2023-03-27,2023-03-28,0.024550437927246094
2023-03-28,2023-03-29,0.024682283401489258
2023-03-29,2023-03-30,0.02411508560180664
2023-03-30,2023-03-31,0.025788307189941406
2023-03-31,2023-04-03,0.02480769157409668
2023-04-03,2023-04-04,0.024547100067138672
2023-04-04,2023-04-05,0.024956703186035156
2023-04-05,2023-04-06,0.02478766441345215
2023-04-06,2023-04-10,0.026007413864135742
2023-04-10,2023-04-11,0.02644181251525879
2023-04-11,2023-04-12,0.025495290756225586
2023-04-12,2023-04-13,0.02557992935180664
2023-04-13,2023-04-14,0.026233911514282227
2023-04-14,2023-04-17,0.026273250579833984
2023-04-17,2023-04-18,0.026721477508544922
2023-04-18,2023-04-19,0.026143550872802734
2023-04-19,2023-04-20,0.029983043670654297
2023-04-20,2023-04-24,0.025395631790161133
2023-04-24,2023-04-25,0.02799057960510254
2023-04-25,2023-04-26,0.02561473846435547
2023-04-26,2023-04-27,0.02588653564453125
2023-04-27,2023-04-28,0.025393009185791016
2023-04-28,2023-05-02,0.02578902244567871
2023-05-02,2023-05-03,0.026253700256347656
2023-05-03,2023-05-04,0.0255582332611084
2023-05-04,2023-05-05,0.025637388229370117
2023-05-05,2023-05-08,0.02652883529663086
2023-05-08,2023-05-09,0.026516199111938477
2023-05-09,2023-05-10,0.026406049728393555
2023-05-10,2023-05-11,0.026764392852783203
2023-05-11,2023-05-12,0.02596306800842285
2023-05-12,2023-05-15,0.025848388671875
2023-05-15,2023-05-16,0.025603055953979492
2023-05-16,2023-05-17,0.028302907943725586
2023-05-17,2023-05-18,0.02637958526611328
2023-05-18,2023-05-19,0.02621912956237793
2023-05-19,2023-05-22,0.026010751724243164
2023-05-22,2023-05-23,0.028415441513061523
2023-05-23,2023-05-24,0.025170564651489258
2023-05-24,2023-05-25,0.025109052658081055
2023-05-25,2023-05-26,0.02548527717590332
2023-05-26,2023-05-29,0.025333642959594727
2023-05-29,2023-05-30,0.025416135787963867
2023-05-30,2023-05-31,0.02517533302307129
2023-05-31,2023-06-01,0.025098562240600586
2023-06-01,2023-06-02,0.025066137313842773
2023-06-02,2023-06-05,0.027135372161865234
2023-06-05,2023-06-06,0.03194832801818848
2023-06-06,2023-06-07,0.024715423583984375
2023-06-07,2023-06-09,0.024832487106323242
2023-06-09,2023-06-12,0.024767637252807617
2023-06-12,2023-06-13,0.02480006217956543
2023-06-13,2023-06-14,0.025346994400024414
2023-06-14,2023-06-15,0.025110244750976562
2023-06-15,2023-06-16,0.025328636169433594
2023-06-16,2023-06-19,0.024656057357788086
2023-06-19,2023-06-20,0.024613142013549805
2023-06-20,2023-06-21,0.02496170997619629
2023-06-21,2023-06-22,0.025118112564086914
2023-06-22,2023-06-23,0.023970365524291992
2023-06-23,2023-06-26,0.022797107696533203
2023-06-26,2023-06-27,0.023061037063598633
2023-06-27,2023-06-28,0.02347254753112793
2023-06-28,2023-06-29,0.023096561431884766
2023-06-29,2023-06-30,0.02402472496032715
2023-06-30,2023-07-03,0.02349400520324707
2023-07-03,2023-07-04,0.023157596588134766
2023-07-04,2023-07-05,0.023772478103637695
2023-07-05,2023-07-06,0.02470231056213379
2023-07-06,2023-07-07,0.0235135555267334
2023-07-07,2023-07-10,0.02389049530029297
2023-07-10,2023-07-11,0.024085283279418945
2023-07-11,2023-07-12,0.04348492622375488
2023-07-12,2023-07-13,0.024612903594970703
2023-07-13,2023-07-14,0.02412247657775879
2023-07-14,2023-07-17,0.02463388442993164
2023-07-17,2023-07-18,0.024007320404052734
2023-07-18,2023-07-19,0.02417898178100586
2023-07-19,2023-07-20,0.02441239356994629
2023-07-20,2023-07-21,0.02422165870666504
2023-07-21,2023-07-24,0.024007558822631836
2023-07-24,2023-07-25,0.024769306182861328
2023-07-25,2023-07-26,0.04259300231933594
2023-07-26,2023-07-27,0.026129484176635742
2023-07-27,2023-07-28,0.027420520782470703
2023-07-28,2023-07-31,0.025855064392089844
2023-07-31,2023-08-01,0.02615642547607422
2023-08-01,2023-08-02,0.02582383155822754
2023-08-02,2023-08-03,0.02712416648864746
2023-08-03,2023-08-04,0.025694847106933594
2023-08-04,2023-08-07,0.02590465545654297
2023-08-07,2023-08-08,0.025876522064208984
2023-08-08,2023-08-09,0.04432201385498047
2023-08-09,2023-08-10,0.026842832565307617
2023-08-10,2023-08-11,0.026162147521972656
2023-08-11,2023-08-14,0.02556443214416504
2023-08-14,2023-08-15,0.026214599609375
2023-08-15,2023-08-16,0.029659748077392578
2023-08-16,2023-08-17,0.025829315185546875
2023-08-17,2023-08-18,0.025342226028442383
2023-08-18,2023-08-21,0.026071548461914062
2023-08-21,2023-08-22,0.025984764099121094
2023-08-22,2023-08-23,0.025600433349609375
2023-08-23,2023-08-24,0.025466203689575195
2023-08-24,2023-08-25,0.02566051483154297
2023-08-25,2023-08-28,0.025077104568481445
2023-08-28,2023-08-29,0.024334430694580078
2023-08-29,2023-08-30,0.025277137756347656
2023-08-30,2023-08-31,0.04574394226074219
2023-08-31,2023-09-01,0.025526046752929688
2023-09-01,2023-09-04,0.026324987411499023
2023-09-04,2023-09-05,0.04471945762634277
2023-09-05,2023-09-06,0.026329755783081055
2023-09-06,2023-09-08,0.02651238441467285
2023-09-08,2023-09-11,0.025193452835083008
2023-09-11,2023-09-12,0.025754213333129883
2023-09-12,2023-09-13,0.025233745574951172
2023-09-13,2023-09-14,0.02569890022277832
2023-09-14,2023-09-15,0.025981903076171875
2023-09-15,2023-09-18,0.025725364685058594
2023-09-18,2023-09-19,0.026022911071777344
2023-09-19,2023-09-20,0.026199817657470703
2023-09-20,2023-09-21,0.02538299560546875
2023-09-21,2023-09-22,0.03389739990234375
2023-09-22,2023-09-25,0.025103330612182617
2023-09-25,2023-09-26,0.02556633949279785
2023-09-26,2023-09-27,0.02461409568786621
2023-09-27,2023-09-28,0.025268077850341797
2023-09-28,2023-09-29,0.025104045867919922
2023-09-29,2023-10-02,0.024821043014526367
2023-10-02,2023-10-03,0.024974584579467773
2023-10-03,2023-10-04,0.025809288024902344
2023-10-04,2023-10-05,0.025574207305908203
2023-10-05,2023-10-06,0.024798154830932617
2023-10-06,2023-10-09,0.02504873275756836
2023-10-09,2023-10-10,0.045575618743896484
2023-10-10,2023-10-11,0.02512216567993164
2023-10-11,2023-10-13,0.025515317916870117
2023-10-13,2023-10-16,0.024558544158935547
2023-10-16,2023-10-17,0.025508403778076172
2023-10-17,2023-10-18,0.025176048278808594
2023-10-18,2023-10-19,0.02661299705505371
2023-10-19,2023-10-20,0.02510380744934082
2023-10-20,2023-10-23,0.025435447692871094
2023-10-23,2023-10-24,0.025687694549560547
2023-10-24,2023-10-25,0.0249178409576416
2023-10-25,2023-10-26,0.025164365768432617
2023-10-26,2023-10-27,0.024794340133666992
2023-10-27,2023-10-30,0.025197267532348633
2023-10-30,2023-10-31,0.04034852981567383
2023-10-31,2023-11-01,0.040287017822265625
2023-11-01,2023-11-03,0.04622077941894531
2023-11-03,2023-11-06,0.04401350021362305
2023-11-06,2023-11-07,0.025970458984375
2023-11-07,2023-11-08,0.025941848754882812
2023-11-08,2023-11-09,0.025477886199951172
2023-11-09,2023-11-10,0.026238441467285156
2023-11-10,2023-11-13,0.02611684799194336
2023-11-13,2023-11-14,0.025868654251098633
2023-11-14,2023-11-16,0.02564525604248047
2023-11-16,2023-11-17,0.025954246520996094
2023-11-17,2023-11-20,0.030527830123901367
2023-11-20,2023-11-21,0.025519847869873047
2023-11-21,2023-11-22,0.02544546127319336
2023-11-22,2023-11-23,0.025513887405395508
2023-11-23,2023-11-24,0.0258176326751709
2023-11-24,2023-11-27,0.025751352310180664
2023-11-27,2023-11-28,0.025500059127807617
2023-11-28,2023-11-29,0.025913000106811523
2023-11-29,2023-11-30,0.0305330753326416
2023-11-30,2023-12-01,0.026331186294555664
2023-12-01,2023-12-04,0.025548934936523438
2023-12-04,2023-12-05,0.026727914810180664
2023-12-05,2023-12-06,0.02569103240966797
2023-12-06,2023-12-07,0.025941848754882812
2023-12-07,2023-12-08,0.026976585388183594
2023-12-08,2023-12-11,0.023827791213989258
2023-12-11,2023-12-12,0.02424001693725586
2023-12-12,2023-12-13,0.02424931526184082
2023-12-13,2023-12-14,0.024573564529418945
2023-12-14,2023-12-15,0.03402996063232422
2023-12-15,2023-12-18,0.024999618530273438
2023-12-18,2023-12-19,0.024419069290161133
2023-12-19,2023-12-20,0.025916099548339844
2023-12-20,2023-12-21,0.02462458610534668
2023-12-21,2023-12-22,0.052660465240478516
2023-12-22,2023-12-26,0.03539538383483887
2023-12-26,2023-12-27,0.026003122329711914
2023-12-27,2023-12-28,0.026436567306518555
2023-12-28,2024-01-02,0.030184268951416016
2024-01-02,2024-01-03,0.026127099990844727
2024-01-03,2024-01-04,0.025733470916748047
2024-01-04,2024-01-05,0.024953126907348633
2024-01-05,2024-01-08,0.0279238224029541
2024-01-08,2024-01-09,0.025820016860961914
2024-01-09,2024-01-10,0.025138139724731445
2024-01-10,2024-01-11,0.024701356887817383
2024-01-11,2024-01-12,0.025051355361938477
2024-01-12,2024-01-15,0.025643587112426758
2024-01-15,2024-01-16,0.02472996711730957
2024-01-16,2024-01-17,0.024971485137939453
2024-01-17,2024-01-18,0.025313138961791992
2024-01-18,2024-01-19,0.02510237693786621
2024-01-19,2024-01-22,0.02495551109313965
2024-01-22,2024-01-23,0.02531576156616211
2024-01-23,2024-01-24,0.024431705474853516
2024-01-24,2024-01-25,0.035913944244384766
2024-01-25,2024-01-26,0.02518773078918457
2024-01-26,2024-01-29,0.0251767635345459
2024-01-29,2024-01-30,0.025032997131347656
2024-01-30,2024-01-31,0.024870872497558594
2024-01-31,2024-02-01,0.02568817138671875
2024-02-01,2024-02-02,0.025314807891845703
2024-02-02,2024-02-05,0.025066852569580078
2024-02-05,2024-02-06,0.025263547897338867
2024-02-06,2024-02-07,0.024837493896484375
2024-02-07,2024-02-08,0.02542734146118164
2024-02-08,2024-02-09,0.025124788284301758
2024-02-09,2024-02-14,0.0247952938079834
2024-02-14,2024-02-15,0.024984121322631836
2024-02-15,2024-02-16,0.024616003036499023
2024-02-16,2024-02-19,0.02410149574279785
2024-02-19,2024-02-20,0.024227380752563477
2024-02-20,2024-02-21,0.0247194766998291
2024-02-21,2024-02-22,0.0247037410736084
2024-02-22,2024-02-23,0.025012493133544922
2024-02-23,2024-02-26,0.024454832077026367
2024-02-26,2024-02-27,0.04604363441467285
2024-02-27,2024-02-28,0.024945974349975586
2024-02-28,2024-02-29,0.026192426681518555
2024-02-29,2024-03-01,0.02512073516845703
2024-03-01,2024-03-04,0.025351524353027344
2024-03-04,2024-03-05,0.02648639678955078
2024-03-05,2024-03-06,0.025958538055419922
2024-03-06,2024-03-07,0.027637481689453125
2024-03-07,2024-03-08,0.02619314193725586
2024-03-08,2024-03-11,0.025784730911254883
2024-03-11,2024-03-12,0.027040958404541016
2024-03-12,2024-03-13,0.0253293514251709
2024-03-13,2024-03-14,0.02577066421508789
2024-03-14,2024-03-15,0.025896549224853516
2024-03-15,2024-03-18,0.02597188949584961
2024-03-18,2024-03-19,0.025940418243408203
2024-03-19,2024-03-20,0.02637195587158203
2024-03-20,2024-03-21,0.028419971466064453
2024-03-21,2024-03-22,0.025983572006225586
2024-03-22,2024-03-25,0.025978565216064453
2024-03-25,2024-03-26,0.02569413185119629
2024-03-26,2024-03-27,0.025649309158325195
2024-03-27,2024-03-28,0.026015758514404297
2024-03-28,2024-04-01,0.025350093841552734
2024-04-01,2024-04-02,0.02574777603149414
2024-04-02,2024-04-03,0.025876283645629883
2024-04-03,2024-04-04,0.026186227798461914
2024-04-04,2024-04-05,0.02536296844482422
2024-04-05,2024-04-08,0.025544404983520508
2024-04-08,2024-04-09,0.026911020278930664
2024-04-09,2024-04-10,0.03577160835266113
2024-04-10,2024-04-11,0.02866840362548828
2024-04-11,2024-04-12,0.04797840118408203
2024-04-12,2024-04-15,0.028571367263793945
2024-04-15,2024-04-16,0.02852487564086914
2024-04-16,2024-04-17,0.025676965713500977
2024-04-17,2024-04-18,0.040538787841796875
2024-04-18,2024-04-19,0.025643587112426758
2024-04-19,2024-04-22,0.03297233581542969
2024-04-22,2024-04-23,0.030357837677001953
2024-04-23,2024-04-24,0.02600264549255371
2024-04-24,2024-04-25,0.018912792205810547
2024-04-25,2024-04-26,0.029915571212768555
2024-04-26,2024-04-29,0.029857158660888672
2024-04-29,2024-04-30,0.029289722442626953
2024-04-30,2024-05-02,0.04534626007080078
2024-05-02,2024-05-03,0.0346221923828125
2024-05-03,2024-05-06,0.030432939529418945
2024-05-06,2024-05-07,0.029711246490478516
2024-05-07,2024-05-08,0.02931523323059082
2024-05-08,2024-05-09,0.029429912567138672
2024-05-09,2024-05-10,0.03020787239074707
2024-05-10,2024-05-13,0.030569791793823242
2024-05-13,2024-05-14,0.029157161712646484
2024-05-14,2024-05-15,0.029068946838378906
2024-05-15,2024-05-16,0.02927255630493164
2024-05-16,2024-05-17,0.029889822006225586
2024-05-17,2024-05-20,0.029866456985473633
2024-05-20,2024-05-21,0.029827356338500977
2024-05-21,2024-05-22,0.029496431350708008
2024-05-22,2024-05-23,0.029727458953857422
2024-05-23,2024-05-24,0.029257535934448242
2024-05-24,2024-05-27,0.02938532829284668
2024-05-27,2024-05-28,0.029489994049072266
2024-05-28,2024-05-29,0.0295565128326416
2024-05-29,2024-05-31,0.029482364654541016
2024-05-31,2024-06-03,0.029715538024902344
2024-06-03,2024-06-04,0.02984905242919922
2024-06-04,2024-06-05,0.02933979034423828
2024-06-05,2024-06-06,0.029720306396484375
2024-06-06,2024-06-07,0.029506921768188477
2024-06-07,2024-06-10,0.02608180046081543
2024-06-10,2024-06-11,0.026982784271240234
2024-06-11,2024-06-12,0.028519153594970703
2024-06-12,2024-06-13,0.029510021209716797
2024-06-13,2024-06-14,0.029268741607666016
2024-06-14,2024-06-17,0.029093265533447266
2024-06-17,2024-06-18,0.029200077056884766
2024-06-18,2024-06-19,0.029193878173828125
2024-06-19,2024-06-20,0.029554367065429688
2024-06-20,2024-06-21,0.0292203426361084
2024-06-21,2024-06-24,0.02605891227722168
2024-06-24,2024-06-25,0.02998638153076172
2024-06-25,2024-06-26,0.029320716857910156
2024-06-26,2024-06-27,0.029513835906982422
2024-06-27,2024-06-28,0.029082298278808594
2024-06-28,2024-07-01,0.029513120651245117
2024-07-01,2024-07-02,0.029464006423950195
2024-07-02,2024-07-03,0.029485702514648438
2024-07-03,2024-07-04,0.03382587432861328
2024-07-04,2024-07-05,0.02895379066467285
2024-07-05,2024-07-08,0.029280900955200195
2024-07-08,2024-07-09,0.029335737228393555
2024-07-09,2024-07-10,0.028886079788208008
2024-07-10,2024-07-11,0.028875350952148438
2024-07-11,2024-07-12,0.028993606567382812
2024-07-12,2024-07-15,0.029133319854736328
2024-07-15,2024-07-16,0.028401613235473633
2024-07-16,2024-07-17,0.025726318359375
2024-07-17,2024-07-18,0.026964664459228516
2024-07-18,2024-07-19,0.04547119140625
2024-07-19,2024-07-22,0.030088424682617188
2024-07-22,2024-07-23,0.025475502014160156
2024-07-23,2024-07-24,0.02559971809387207
2024-07-24,2024-07-25,0.0287630558013916
2024-07-25,2024-07-26,0.025176048278808594
2024-07-26,2024-07-29,0.025106430053710938
2024-07-29,2024-07-30,0.02547931671142578
2024-07-30,2024-07-31,0.02584981918334961
2024-07-31,2024-08-01,0.025759220123291016
2024-08-01,2024-08-02,0.025725841522216797
2024-08-02,2024-08-05,0.02602362632751465
2024-08-05,2024-08-06,0.025426864624023438
2024-08-06,2024-08-07,0.025318384170532227
2024-08-07,2024-08-08,0.02529120445251465
2024-08-08,2024-08-09,0.025548219680786133
2024-08-09,2024-08-12,0.025201797485351562
2024-08-12,2024-08-13,0.025882959365844727
2024-08-13,2024-08-14,0.02576279640197754
2024-08-14,2024-08-15,0.027817249298095703
2024-08-15,2024-08-16,0.02630472183227539
2024-08-16,2024-08-19,0.02531909942626953
2024-08-19,2024-08-20,0.029389142990112305
2024-08-20,2024-08-21,0.029204845428466797
2024-08-21,2024-08-22,0.028102874755859375
2024-08-22,2024-08-23,0.028493881225585938
2024-08-23,2024-08-26,0.027698516845703125
2024-08-26,2024-08-27,0.02294325828552246
2024-08-27,2024-08-28,0.025707483291625977
2024-08-28,2024-08-29,0.02653217315673828
2024-08-29,2024-08-30,0.02633810043334961
2024-08-30,2024-09-02,0.025608062744140625
2024-09-02,2024-09-03,0.025684356689453125
2024-09-03,2024-09-04,0.025539636611938477
2024-09-04,2024-09-05,0.025640487670898438
2024-09-05,2024-09-06,0.0257875919342041
2024-09-06,2024-09-09,0.025636911392211914
2024-09-09,2024-09-10,0.02601790428161621
2024-09-10,2024-09-11,0.02648186683654785
2024-09-11,2024-09-12,0.02629709243774414
2024-09-12,2024-09-13,0.02637171745300293
2024-09-13,2024-09-16,0.026257991790771484
2024-09-16,2024-09-17,0.026189088821411133
2024-09-17,2024-09-18,0.02597641944885254
2024-09-18,2024-09-19,0.026814699172973633
2024-09-19,2024-09-20,0.026336193084716797
2024-09-20,2024-09-23,0.026416540145874023
2024-09-23,2024-09-24,0.025839567184448242
2024-09-24,2024-09-25,0.0260622501373291
2024-09-25,2024-09-26,0.025572538375854492
2024-09-26,2024-09-27,0.02569746971130371
2024-09-27,2024-09-30,0.026052236557006836
2024-09-30,2024-10-01,0.026461124420166016
2024-10-01,2024-10-02,0.025960206985473633
2024-10-02,2024-10-03,0.02576446533203125
2024-10-03,2024-10-04,0.025546550750732422
2024-10-04,2024-10-07,0.025747299194335938
2024-10-07,2024-10-08,0.025867938995361328
2024-10-08,2024-10-09,0.026365280151367188
2024-10-09,2024-10-10,0.026250362396240234
2024-10-10,2024-10-11,0.026216506958007812
2024-10-11,2024-10-14,0.02573251724243164
2024-10-14,2024-10-15,0.02579498291015625
2024-10-15,2024-10-16,0.041143178939819336
2024-10-16,2024-10-17,0.030513286590576172
2024-10-17,2024-10-18,0.0259246826171875
2024-10-18,2024-10-21,0.025807857513427734
2024-10-21,2024-10-22,0.03589677810668945
2024-10-22,2024-10-23,0.02966141700744629
2024-10-23,2024-10-24,0.025405406951904297
2024-10-24,2024-10-25,0.029785871505737305
2024-10-25,2024-10-28,0.029215097427368164
2024-10-28,2024-10-29,0.02573704719543457
2024-10-29,2024-10-30,0.0252838134765625
2024-10-30,2024-10-31,0.025258541107177734
2024-10-31,2024-11-01,0.027453899383544922
2024-11-01,2024-11-04,0.02584362030029297
2024-11-04,2024-11-05,0.02570509910583496
2024-11-05,2024-11-06,0.0260469913482666
2024-11-06,2024-11-07,0.025419235229492188
2024-11-07,2024-11-08,0.025847196578979492
2024-11-08,2024-11-11,0.02720499038696289
2024-11-11,2024-11-12,0.025647401809692383
2024-11-12,2024-11-13,0.025499820709228516
2024-11-13,2024-11-14,0.026149272918701172
2024-11-14,2024-11-18,0.028035402297973633
2024-11-18,2024-11-19,0.025632143020629883
2024-11-19,2024-11-21,0.025551557540893555
2024-11-21,2024-11-22,0.027233600616455078
2024-11-22,2024-11-25,0.02622246742248535
2024-11-25,2024-11-26,0.0252225399017334
2024-11-26,2024-11-27,0.026401042938232422
2024-11-27,2024-11-28,0.025545358657836914
2024-11-28,2024-11-29,0.025495290756225586
2024-11-29,2024-12-02,0.025643110275268555
2024-12-02,2024-12-03,0.02553582191467285
2024-12-03,2024-12-04,0.025393009185791016
2024-12-04,2024-12-05,0.025902271270751953
2024-12-05,2024-12-06,0.025959014892578125
2024-12-06,2024-12-09,0.026247739791870117
2024-12-09,2024-12-10,0.02621173858642578
2024-12-10,2024-12-11,0.02574753761291504
2024-12-11,2024-12-12,0.0256044864654541
2024-12-12,2024-12-13,0.0253903865814209
2024-12-13,2024-12-16,0.024259328842163086
2024-12-16,2024-12-17,0.016122817993164062
2024-12-17,2024-12-18,0.04189038276672363
2024-12-18,2024-12-19,0.030930757522583008
2024-12-19,2024-12-20,0.025986671447753906
2024-12-20,2024-12-23,0.02620553970336914
2024-12-23,2024-12-26,0.02645707130432129
2024-12-26,2024-12-27,0.025757312774658203
2024-12-27,2024-12-30,0.02689361572265625
2024-12-30,2025-01-02,0.01941704750061035
2025-01-02,2025-01-03,0.016592025756835938
2025-01-03,2025-01-06,0.02469491958618164
2025-01-06,2025-01-07,0.02497243881225586
2025-01-07,2025-01-08,0.024899721145629883
2025-01-08,2025-01-09,0.028020143508911133
2025-01-09,2025-01-10,0.024915695190429688
2025-01-10,2025-01-13,0.024714231491088867
2025-01-13,2025-01-14,0.025172710418701172
2025-01-14,2025-01-15,0.026635169982910156
2025-01-15,2025-01-16,0.025304079055786133
2025-01-16,2025-01-17,0.025073528289794922
2025-01-17,2025-01-20,0.024578094482421875
2025-01-20,2025-01-21,0.02551579475402832
2025-01-21,2025-01-22,0.025501489639282227
2025-01-22,2025-01-23,0.025327682495117188
2025-01-23,2025-01-24,0.025327444076538086
2025-01-24,2025-01-27,0.026036500930786133
2025-01-27,2025-01-28,0.024332523345947266
2025-01-28,2025-01-29,0.02483344078063965
2025-01-29,2025-01-30,0.02428269386291504
2025-01-30,2025-01-31,0.015707015991210938
2025-01-31,2025-02-03,0.02107548713684082
2025-02-03,2025-02-04,0.025521039962768555
2025-02-04,2025-02-05,0.025945663452148438
2025-02-05,2025-02-06,0.02606654167175293
2025-02-06,2025-02-07,0.02583003044128418
2025-02-07,2025-02-10,0.026326894760131836
2025-02-10,2025-02-11,0.026159048080444336
2025-02-11,2025-02-12,0.025272846221923828
2025-02-12,2025-02-13,0.025970935821533203
2025-02-13,2025-02-14,0.026335716247558594
2025-02-14,2025-02-17,0.04038500785827637
2025-02-17,2025-02-18,0.028740644454956055
2025-02-18,2025-02-19,0.024339675903320312
2025-02-19,2025-02-20,0.023963212966918945
2025-02-20,2025-02-21,0.024504423141479492
2025-02-21,2025-02-24,0.024771690368652344
2025-02-24,2025-02-25,0.02501964569091797
2025-02-25,2025-02-26,0.024046897888183594
2025-02-26,2025-02-27,0.025727033615112305
2025-02-27,2025-02-28,0.024524450302124023
2025-02-28,2025-03-05,0.02375626564025879
2025-03-05,2025-03-06,0.024917125701904297
2025-03-06,2025-03-07,0.024511098861694336
2025-03-07,2025-03-10,0.02477860450744629
2025-03-10,2025-03-11,0.024875402450561523
2025-03-11,2025-03-12,0.02400493621826172
2025-03-12,2025-03-13,0.02536773681640625
2025-03-13,2025-03-14,0.024723529815673828
2025-03-14,2025-03-17,0.02490544319152832
2025-03-17,2025-03-18,0.024975061416625977
2025-03-18,2025-03-19,0.02567124366760254
2025-03-19,2025-03-20,0.024850130081176758
2025-03-20,2025-03-21,0.017773866653442383
2025-03-21,2025-03-24,0.015784502029418945
2025-03-24,2025-03-25,0.032446861267089844
2025-03-25,2025-03-26,0.023478269577026367
2025-03-26,2025-03-27,0.02359318733215332
2025-03-27,2025-03-28,0.024234533309936523
2025-03-28,2025-03-31,0.024202823638916016
2025-03-31,2025-04-01,0.025356769561767578
2025-04-01,2025-04-02,0.024711132049560547
2025-04-02,2025-04-03,0.023852109909057617
2025-04-03,2025-04-04,0.02425360679626465
2025-04-04,2025-04-07,0.024641036987304688
2025-04-07,2025-04-08,0.024855375289916992
2025-04-08,2025-04-09,0.02385091781616211
2025-04-09,2025-04-10,0.02396392822265625
2025-04-10,2025-04-11,0.026104211807250977
2025-04-11,2025-04-14,0.023543119430541992
2025-04-14,2025-04-15,0.02417731285095215
2025-04-15,2025-04-16,0.02585124969482422
2025-04-16,2025-04-17,0.026195526123046875
2025-04-17,2025-04-22,0.031289100646972656
2025-04-22,2025-04-23,0.025698184967041016
2025-04-23,2025-04-24,0.015718936920166016
2025-04-24,2025-04-25,0.02488112449645996
2025-04-25,2025-04-28,0.025197744369506836
2025-04-28,2025-04-29,0.0338139533996582
2025-04-29,2025-04-30,0.043649911880493164
2025-04-30,2025-05-02,0.02336406707763672
2025-05-02,2025-05-05,0.023481369018554688
2025-05-05,2025-05-06,0.024451017379760742
2025-05-06,2025-05-07,0.026355981826782227
2025-05-07,2025-05-08,0.02425551414489746
2025-05-08,2025-05-09,0.02452874183654785
2025-05-09,2025-05-12,0.02446460723876953
2025-05-12,2025-05-13,0.024766921997070312
2025-05-13,2025-05-14,0.02429986000061035
2025-05-14,2025-05-15,0.02481675148010254
2025-05-15,2025-05-16,0.029338359832763672
2025-05-16,2025-05-19,0.04370689392089844
2025-05-19,2025-05-20,0.018246889114379883
2025-05-20,2025-05-21,0.02612471580505371
2025-05-21,2025-05-22,0.0236971378326416
2025-05-22,2025-05-23,0.02420830726623535
2025-05-23,2025-05-26,0.025140047073364258
2025-05-26,2025-05-27,0.020524263381958008
2025-05-27,2025-05-28,0.024169921875
2025-05-28,2025-05-29,0.024531126022338867
2025-05-29,2025-05-30,0.024221420288085938
2025-05-30,2025-06-02,0.03169417381286621
2025-06-02,2025-06-03,0.015515565872192383
2025-06-03,2025-06-04,0.025504112243652344
2025-06-04,2025-06-05,0.024171113967895508
2025-06-05,2025-06-06,0.02339339256286621
2025-06-06,2025-06-09,0.022843599319458008
2025-06-09,2025-06-10,0.02319931983947754
2025-06-10,2025-06-11,0.04000067710876465
2025-06-11,2025-06-12,0.023787736892700195
2025-06-12,2025-06-13,0.025673866271972656
2025-06-13,2025-06-16,0.024558067321777344
2025-06-16,2025-06-17,0.024664640426635742
2025-06-17,2025-06-18,0.02516770362854004
2025-06-18,2025-06-20,0.024603843688964844
2025-06-20,2025-06-23,0.026091814041137695
2025-06-23,2025-06-24,0.025246620178222656
2025-06-24,2025-06-25,0.05094194412231445
2025-06-25,2025-06-26,0.015078067779541016
2025-06-26,2025-06-27,0.04046988487243652
2025-06-27,2025-06-30,0.030809402465820312
2025-06-30,2025-07-01,0.017028331756591797
2025-07-01,2025-07-02,0.023551225662231445
2025-07-02,2025-07-03,0.03177762031555176
2025-07-03,2025-07-04,0.025543689727783203
2025-07-04,2025-07-07,0.02601146697998047
2025-07-07,2025-07-08,0.023763418197631836
2025-07-08,2025-07-09,0.023312091827392578
2025-07-09,2025-07-10,0.023531198501586914
2025-07-10,2025-07-11,0.03694629669189453
2025-07-11,2025-07-14,0.02613973617553711
2025-07-14,2025-07-15,0.025632143020629883
2025-07-15,2025-07-16,0.02627086639404297
2025-07-16,2025-07-17,0.025969743728637695
2025-07-17,2025-07-18,0.026242971420288086
2025-07-18,2025-07-21,0.025904178619384766
2025-07-21,2025-07-22,0.026358604431152344
2025-07-22,2025-07-23,0.02357959747314453
2025-07-23,2025-07-24,0.023580312728881836
2025-07-24,2025-07-25,0.023739099502563477
2025-07-25,2025-07-28,0.02377033233642578
2025-07-28,2025-07-29,0.02380657196044922
2025-07-29,2025-07-30,0.023809194564819336
2025-07-30,2025-07-31,0.01568126678466797
2025-07-31,2025-08-01,0.023499727249145508
2025-08-01,2025-08-04,0.0236356258392334
2025-08-04,2025-08-05,0.023551464080810547
2025-08-05,2025-08-06,0.023967981338500977
2025-08-06,2025-08-07,0.023682832717895508
2025-08-07,2025-08-08,0.046141862869262695
2025-08-08,2025-08-11,0.030368804931640625
2025-08-11,2025-08-12,0.026601314544677734
2025-08-12,2025-08-13,0.025397062301635742
2025-08-13,2025-08-14,0.025287151336669922
2025-08-14,2025-08-15,0.02574944496154785
2025-08-15,2025-08-18,0.02548670768737793
2025-08-18,2025-08-19,0.025305747985839844
2025-08-19,2025-08-20,0.025190114974975586
2025-08-20,2025-08-21,0.024133682250976562
2025-08-21,2025-08-22,0.02393507957458496
2025-08-22,2025-08-25,0.02403712272644043
2025-08-25,2025-08-26,0.023586273193359375
2025-08-26,2025-08-27,0.03305816650390625
2025-08-27,2025-08-28,0.025153398513793945
2025-08-28,2025-08-29,0.025593280792236328
2025-08-29,2025-09-01,0.026116132736206055
2025-09-01,2025-09-02,0.025883913040161133
2025-09-02,2025-09-03,0.02607440948486328
2025-09-03,2025-09-04,0.02993321418762207
2025-09-04,2025-09-05,0.025287628173828125
2025-09-05,2025-09-08,0.025383949279785156
2025-09-08,2025-09-09,0.02557206153869629
2025-09-09,2025-09-10,0.03726053237915039
2025-09-10,2025-09-11,0.024998188018798828
2025-09-11,2025-09-12,0.025226116180419922
2025-09-12,2025-09-15,0.02521967887878418
2025-09-15,2025-09-16,0.02504444122314453
2025-09-16,2025-09-17,0.024988412857055664
2025-09-17,2025-09-18,0.025281906127929688
2025-09-18,2025-09-19,0.023203372955322266
2025-09-19,2025-09-22,0.024217844009399414
2025-09-22,2025-09-23,0.024035215377807617
2025-09-23,2025-09-24,0.026019573211669922
2025-09-24,2025-09-25,0.02547907829284668
2025-09-25,2025-09-26,0.025292158126831055
2025-09-26,2025-09-29,0.025351285934448242
2025-09-29,2025-09-30,0.025958538055419922
2025-09-30,2025-10-01,0.02456808090209961
2025-10-01,2025-10-02,0.0315244197845459
2025-10-02,2025-10-03,0.02343583106994629
2025-10-03,2025-10-06,0.022588253021240234
2025-10-06,2025-10-07,0.022609233856201172
2025-10-07,2025-10-08,0.024181365966796875
2025-10-08,2025-10-09,0.01585078239440918
2025-10-09,2025-10-10,0.032726287841796875
2025-10-10,2025-10-13,0.015256404876708984
2025-10-13,2025-10-14,0.022769689559936523
2025-10-14,2025-10-15,0.022829294204711914
2025-10-15,2025-10-16,0.02272343635559082
2025-10-16,2025-10-17,0.01614236831665039
2025-10-17,2025-10-20,0.021117448806762695
2025-10-20,2025-10-21,0.021558046340942383
2025-10-21,2025-10-22,0.021352767944335938
2025-10-22,2025-10-23,0.02073049545288086
2025-10-23,2025-10-24,0.02031230926513672
2025-10-24,2025-10-27,0.020429372787475586
2025-10-27,2025-10-28,0.021229982376098633
2025-10-28,2025-10-29,0.02091240882873535
2025-10-29,2025-10-30,0.02054119110107422
2025-10-30,2025-10-31,0.02031993865966797
2025-10-31,2025-11-03,0.029345273971557617
2025-11-03,2025-11-04,0.02338242530822754
2025-11-04,2025-11-05,0.023905515670776367
2025-11-05,2025-11-06,0.022893667221069336
2025-11-06,2025-11-07,0.033130645751953125
2025-11-07,2025-11-10,0.03333735466003418
2025-11-10,2025-11-11,0.0335540771484375
2025-11-11,2025-11-12,0.03348970413208008
2025-11-12,2025-11-13,0.03490495681762695
2025-11-13,2025-11-14,0.02566361427307129
2025-11-14,2025-11-17,0.023813486099243164
2025-11-17,2025-11-18,0.02566695213317871
2025-11-18,2025-11-19,0.025424480438232422
2025-11-19,2025-11-21,0.025520801544189453
2025-11-21,2025-11-24,0.025580644607543945
2025-11-24,2025-11-25,0.02525019645690918
2025-11-25,2025-11-26,0.024981975555419922
2025-11-26,2025-11-27,0.025616884231567383
2025-11-27,2025-11-28,0.023248910903930664
2025-11-28,2025-12-01,0.046102046966552734
2025-12-01,2025-12-02,0.0331416130065918
2025-12-02,2025-12-03,0.024962902069091797
2025-12-03,2025-12-04,0.02544426918029785
2025-12-04,2025-12-05,0.025602340698242188
2025-12-05,2025-12-08,0.024019718170166016
2025-12-08,2025-12-09,0.01645064353942871
2025-12-09,2025-12-10,0.022986650466918945
2025-12-10,2025-12-11,0.021799087524414062
2025-12-11,2025-12-12,0.021780729293823242
2025-12-12,2025-12-15,0.022870540618896484
2025-12-15,2025-12-16,0.02025771141052246
2025-12-16,2025-12-17,0.019731998443603516
2025-12-17,2025-12-18,0.01949310302734375
2025-12-18,2025-12-19,0.020102500915527344
2025-12-19,2025-12-22,0.023746013641357422
2025-12-22,2025-12-23,0.019758939743041992
2025-12-23,2025-12-26,0.019950389862060547
2025-12-26,2025-12-29,0.019980430603027344
2025-12-29,2025-12-30,0.023833751678466797
