Data_Rebalanceamento,Data_Aplicacao,Turnover,Custo_Transacao
2022-01-10,2022-01-11,0.5,0.0
2022-01-11,2022-01-12,0.10321899027305362,0.0
2022-01-12,2022-01-13,0.10835502597085356,0.0
2022-01-13,2022-01-14,0.14612284118647423,0.0
2022-01-14,2022-01-17,0.13528679882131825,0.0
2022-01-17,2022-01-18,0.22987087788121757,0.0
2022-01-18,2022-01-19,0.20336320307087216,0.0
2022-01-19,2022-01-20,0.21441559835788915,0.0
2022-01-20,2022-01-21,0.06644877688209946,0.0
2022-01-21,2022-01-24,0.23195568409928013,0.0
2022-01-24,2022-01-25,0.13177783167881374,0.0
2022-01-25,2022-01-26,0.11833601091046524,0.0
2022-01-26,2022-01-27,0.11440988573128233,0.0
2022-01-27,2022-01-28,0.11102954746060652,0.0
2022-01-28,2022-01-31,0.10123015101007238,0.0
2022-01-31,2022-02-01,0.1052302727206095,0.0
2022-02-01,2022-02-02,0.22292069255439698,0.0
2022-02-02,2022-02-03,0.11401482055273524,0.0
2022-02-03,2022-02-04,0.06405747763289821,0.0
2022-02-04,2022-02-07,0.14258388945871836,0.0
2022-02-07,2022-02-08,0.10446529989668739,0.0
2022-02-08,2022-02-09,0.10849854384636903,0.0
2022-02-09,2022-02-10,0.10973132389874013,0.0
2022-02-10,2022-02-11,0.06693871590309965,0.0
2022-02-11,2022-02-14,0.061313263723222676,0.0
2022-02-14,2022-02-15,0.09660366526103946,0.0
2022-02-15,2022-02-16,0.16275162156037556,0.0
2022-02-16,2022-02-17,0.21340919233715677,0.0
2022-02-17,2022-02-18,0.12049065395385927,0.0
2022-02-18,2022-02-21,0.0728078322917814,0.0
2022-02-21,2022-02-22,0.1123703604589251,0.0
2022-02-22,2022-02-23,0.061975541079321614,0.0
2022-02-23,2022-02-24,0.1646743190988903,0.0
2022-02-24,2022-02-25,0.18117076213200084,0.0
2022-02-25,2022-03-02,0.09884232329992201,0.0
2022-03-02,2022-03-03,0.1675890862696555,0.0
2022-03-03,2022-03-04,0.20589378297107722,0.0
2022-03-04,2022-03-07,0.10976039121143415,0.0
2022-03-07,2022-03-08,0.2917619657770952,0.0
2022-03-08,2022-03-09,0.17913582482652146,0.0
2022-03-09,2022-03-10,0.1820983368538101,0.0
2022-03-10,2022-03-11,0.12861163818096155,0.0
2022-03-11,2022-03-14,0.1862624010096822,0.0
2022-03-14,2022-03-15,0.10983967540339767,0.0
2022-03-15,2022-03-16,0.10154670987565138,0.0
2022-03-16,2022-03-17,0.10547619825011251,0.0
2022-03-17,2022-03-18,0.05478884626889323,0.0
2022-03-18,2022-03-21,0.06244100877215503,0.0
2022-03-21,2022-03-22,0.008816283826722168,0.0
2022-03-22,2022-03-23,0.05444684827220476,0.0
2022-03-23,2022-03-24,0.002746177273106193,0.0
2022-03-24,2022-03-25,0.06132561726666429,0.0
2022-03-25,2022-03-28,0.08873113397362373,0.0
2022-03-28,2022-03-29,0.17718236244720736,0.0
2022-03-29,2022-03-30,0.19222240650839167,0.0
2022-03-30,2022-03-31,0.17691057690772877,0.0
2022-03-31,2022-04-01,0.0551305687402182,0.0
2022-04-01,2022-04-04,0.13658910426969223,0.0
2022-04-04,2022-04-05,0.22797016232976203,0.0
2022-04-05,2022-04-06,0.2365143765947288,0.0
2022-04-06,2022-04-07,0.17846125069302493,0.0
2022-04-07,2022-04-08,0.22390232878463467,0.0
2022-04-08,2022-04-11,0.05994705262151343,0.0
2022-04-11,2022-04-12,0.1365117024391445,0.0
2022-04-12,2022-04-13,0.1787294918446375,0.0
2022-04-13,2022-04-14,0.05356222411988566,0.0
2022-04-14,2022-04-18,0.11993378286266877,0.0
2022-04-18,2022-04-19,0.12175612877470057,0.0
2022-04-19,2022-04-20,0.1345835141989603,0.0
2022-04-20,2022-04-22,0.11493701517080168,0.0
2022-04-22,2022-04-25,0.004367280115918866,0.0
2022-04-25,2022-04-26,0.11273299883502495,0.0
2022-04-26,2022-04-27,0.05376981457032945,0.0
2022-04-27,2022-04-28,0.10564698520175139,0.0
2022-04-28,2022-04-29,0.11552420012773067,0.0
2022-04-29,2022-05-02,0.13858354701638903,0.0
2022-05-02,2022-05-03,0.1183053539965677,0.0
2022-05-03,2022-05-04,0.11513926290843222,0.0
2022-05-04,2022-05-05,0.11588000364297946,0.0
2022-05-05,2022-05-06,0.16679421115334936,0.0
2022-05-06,2022-05-09,0.15920603779224274,0.0
2022-05-09,2022-05-10,0.06862399630066371,0.0
2022-05-10,2022-05-11,0.06879551530342853,0.0
2022-05-11,2022-05-12,0.06398360852697665,0.0
2022-05-12,2022-05-13,0.10952608006138674,0.0
2022-05-13,2022-05-16,0.05643077611294019,0.0
2022-05-16,2022-05-17,0.055534024164980635,0.0
2022-05-17,2022-05-18,0.06484088677088838,0.0
2022-05-18,2022-05-19,0.09900223058841558,0.0
2022-05-19,2022-05-20,0.14339792717944266,0.0
2022-05-20,2022-05-23,0.14420987685435124,0.0
2022-05-23,2022-05-24,0.06356868133973866,0.0
2022-05-24,2022-05-25,0.014513383736303776,0.0
2022-05-25,2022-05-26,0.10190271889555708,0.0
2022-05-26,2022-05-27,0.06008846044312981,0.0
2022-05-27,2022-05-30,0.05611090728862883,0.0
2022-05-30,2022-05-31,0.0016529421103143836,0.0
2022-05-31,2022-06-01,0.07453157364915702,0.0
2022-06-01,2022-06-02,0.06784750078190158,0.0
2022-06-02,2022-06-03,0.1048194353901181,0.0
2022-06-03,2022-06-06,0.10832972341305014,0.0
2022-06-06,2022-06-07,0.054316126840309946,0.0
2022-06-07,2022-06-08,0.08304749249702738,0.0
2022-06-08,2022-06-09,0.09646426179218716,0.0
2022-06-09,2022-06-10,0.1540769920963861,0.0
2022-06-10,2022-06-13,0.14335566067824745,0.0
2022-06-13,2022-06-14,0.13993301205067654,0.0
2022-06-14,2022-06-15,0.0952872565505501,0.0
2022-06-15,2022-06-17,0.09792051864027335,0.0
2022-06-17,2022-06-20,0.0962268476380052,0.0
2022-06-20,2022-06-21,0.09861658480494796,0.0
2022-06-21,2022-06-22,0.21620303533212726,0.0
2022-06-22,2022-06-23,0.14297562388826307,0.0
2022-06-23,2022-06-24,0.1497233308852945,0.0
2022-06-24,2022-06-27,0.005178736784583731,0.0
2022-06-27,2022-06-28,0.052817514295391874,0.0
2022-06-28,2022-06-29,0.09599547246100607,0.0
2022-06-29,2022-06-30,0.05314962858162799,0.0
2022-06-30,2022-07-01,0.14432183932424728,0.0
2022-07-01,2022-07-04,0.1370417167711876,0.0
2022-07-04,2022-07-05,0.0915101900713215,0.0
2022-07-05,2022-07-06,0.10296586771771493,0.0
2022-07-06,2022-07-07,0.06327237383129172,0.0
2022-07-07,2022-07-08,0.19608767652218279,0.0
2022-07-08,2022-07-11,0.10427446446382446,0.0
2022-07-11,2022-07-12,0.09770156840809874,0.0
2022-07-12,2022-07-13,0.0738354619791507,0.0
2022-07-13,2022-07-14,0.010850167165205916,0.0
2022-07-14,2022-07-15,0.1686974363452064,0.0
2022-07-15,2022-07-18,0.4924984950082182,0.0
2022-07-18,2022-07-19,0.2003104530210702,0.0
2022-07-19,2022-07-20,0.24743051740439084,0.0
2022-07-20,2022-07-21,0.23034470733411705,0.0
2022-07-21,2022-07-22,0.36548264461974533,0.0
2022-07-22,2022-07-25,0.15146559466720103,0.0
2022-07-25,2022-07-26,0.3399744563641039,0.0
2022-07-26,2022-07-27,0.19763237745295126,0.0
2022-07-27,2022-07-28,0.38977997879378956,0.0
2022-07-28,2022-07-29,0.08143737816186662,0.0
2022-07-29,2022-08-01,0.06632629366616434,0.0
2022-08-01,2022-08-02,0.057855834407594744,0.0
2022-08-02,2022-08-03,0.24135477638800332,0.0
2022-08-03,2022-08-04,0.0684715642620553,0.0
2022-08-04,2022-08-05,0.01083043951646816,0.0
2022-08-05,2022-08-08,0.007608647092125213,0.0
2022-08-08,2022-08-09,0.18478129197929072,0.0
2022-08-09,2022-08-10,0.06806372234924671,0.0
2022-08-10,2022-08-11,0.15950748179437296,0.0
2022-08-11,2022-08-12,0.11429342084708147,0.0
2022-08-12,2022-08-15,0.06912582350415122,0.0
2022-08-15,2022-08-16,0.1142904944525069,0.0
2022-08-16,2022-08-17,0.10839744756374815,0.0
2022-08-17,2022-08-18,0.11300030208492781,0.0
2022-08-18,2022-08-19,0.105780004020012,0.0
2022-08-19,2022-08-22,0.1047427794651585,0.0
2022-08-22,2022-08-23,0.10656835151793724,0.0
2022-08-23,2022-08-24,0.11901260728932885,0.0
2022-08-24,2022-08-25,0.1256067334285902,0.0
2022-08-25,2022-08-26,0.13693453330606636,0.0
2022-08-26,2022-08-29,0.1273691663420947,0.0
2022-08-29,2022-08-30,0.1028909147083616,0.0
2022-08-30,2022-08-31,0.07053314939077483,0.0
2022-08-31,2022-09-01,0.04870397513118528,0.0
2022-09-01,2022-09-02,0.05318605677396006,0.0
2022-09-02,2022-09-05,0.17093149490068815,0.0
2022-09-05,2022-09-06,0.07319061105536646,0.0
2022-09-06,2022-09-08,0.10846382422861561,0.0
2022-09-08,2022-09-09,0.10997515456509573,0.0
2022-09-09,2022-09-12,0.1645972183729129,0.0
2022-09-12,2022-09-13,0.11970277469464186,0.0
2022-09-13,2022-09-14,0.06641763609907086,0.0
2022-09-14,2022-09-15,0.0696091584091537,0.0
2022-09-15,2022-09-16,0.05090350234898311,0.0
2022-09-16,2022-09-19,0.1494217772133199,0.0
2022-09-19,2022-09-20,0.1578542996706611,0.0
2022-09-20,2022-09-21,0.12056291734588384,0.0
2022-09-21,2022-09-22,0.12462082463262111,0.0
2022-09-22,2022-09-23,0.06547162100304998,0.0
2022-09-23,2022-09-26,0.16141237440061426,0.0
2022-09-26,2022-09-27,0.1889399467393316,0.0
2022-09-27,2022-09-28,0.13963442157695607,0.0
2022-09-28,2022-09-29,0.20851937380446245,0.0
2022-09-29,2022-09-30,0.20941651880441653,0.0
2022-09-30,2022-10-03,0.29388035649589467,0.0
2022-10-03,2022-10-04,0.2315126323945215,0.0
2022-10-04,2022-10-05,0.15789044982095374,0.0
2022-10-05,2022-10-06,0.13696412021613039,0.0
2022-10-06,2022-10-07,0.23285891926327756,0.0
2022-10-07,2022-10-10,0.05993713198251699,0.0
2022-10-10,2022-10-11,0.16836613855812665,0.0
2022-10-11,2022-10-13,0.17227967417685258,0.0
2022-10-13,2022-10-14,0.1139354627684369,0.0
2022-10-14,2022-10-17,0.11515284219369554,0.0
2022-10-17,2022-10-18,0.06411095311548175,0.0
2022-10-18,2022-10-19,0.0619415342811699,0.0
2022-10-19,2022-10-20,0.11092862296736437,0.0
2022-10-20,2022-10-21,0.10985359662791343,0.0
2022-10-21,2022-10-24,0.12972180327586025,0.0
2022-10-24,2022-10-25,0.061431646593178735,0.0
2022-10-25,2022-10-26,0.11742577596141619,0.0
2022-10-26,2022-10-27,0.12287889004310451,0.0
2022-10-27,2022-10-28,0.23493354368198005,0.0
2022-10-28,2022-10-31,0.30269879982529124,0.0
2022-10-31,2022-11-01,0.17644541138416892,0.0
2022-11-01,2022-11-03,0.12019767877996371,0.0
2022-11-03,2022-11-04,0.23973688075674024,0.0
2022-11-04,2022-11-07,0.32958788811657225,0.0
2022-11-07,2022-11-08,0.16507082779410417,0.0
2022-11-08,2022-11-09,0.3106796830988169,0.0
2022-11-09,2022-11-10,0.26821417062431,0.0
2022-11-10,2022-11-11,0.3108113538653817,0.0
2022-11-11,2022-11-14,0.12633185786196136,0.0
2022-11-14,2022-11-16,0.15991058674969172,0.0
2022-11-16,2022-11-17,0.10475979248976733,0.0
2022-11-17,2022-11-18,0.10477723783745571,0.0
2022-11-18,2022-11-21,0.1134237608802745,0.0
2022-11-21,2022-11-22,0.1981617025190916,0.0
2022-11-22,2022-11-23,0.1301402890557617,0.0
2022-11-23,2022-11-24,0.05887835693712388,0.0
2022-11-24,2022-11-25,0.10108857064186415,0.0
2022-11-25,2022-11-28,0.16742578860112245,0.0
2022-11-28,2022-11-29,0.21504229581897197,0.0
2022-11-29,2022-11-30,0.18070235356896822,0.0
2022-11-30,2022-12-01,0.058016837916546576,0.0
2022-12-01,2022-12-02,0.13755366627707435,0.0
2022-12-02,2022-12-05,0.04979852457580593,0.0
2022-12-05,2022-12-06,0.0953221267031629,0.0
2022-12-06,2022-12-07,0.3370424955352788,0.0
2022-12-07,2022-12-08,0.29528686660073156,0.0
2022-12-08,2022-12-09,0.2464054355812745,0.0
2022-12-09,2022-12-12,0.04791374471119325,0.0
2022-12-12,2022-12-13,0.14623521271532647,0.0
2022-12-13,2022-12-14,0.22008662758429204,0.0
2022-12-14,2022-12-15,0.14359163569151134,0.0
2022-12-15,2022-12-16,0.09702983430998205,0.0
2022-12-16,2022-12-19,0.10322356708147443,0.0
2022-12-19,2022-12-20,0.22721881372244956,0.0
2022-12-20,2022-12-21,0.13687238302031662,0.0
2022-12-21,2022-12-22,0.009080839303234712,0.0
2022-12-22,2022-12-23,0.05620009813327981,0.0
2022-12-23,2022-12-26,0.05874802666427736,0.0
2022-12-26,2022-12-27,0.09384606987313555,0.0
2022-12-27,2022-12-28,0.13349518151359174,0.0
2022-12-28,2022-12-29,0.10296074942296701,0.0
2022-12-29,2023-01-02,0.10638553162409733,0.0
2023-01-02,2023-01-03,0.0020101717676360466,0.0
2023-01-03,2023-01-04,0.11643058108310445,0.0
2023-01-04,2023-01-05,0.05046157146098374,0.0
2023-01-05,2023-01-06,0.10204383231522472,0.0
2023-01-06,2023-01-09,0.05450115874859324,0.0
2023-01-09,2023-01-10,0.09416080476138348,0.0
2023-01-10,2023-01-11,0.15082469948494096,0.0
2023-01-11,2023-01-12,0.0949966076309823,0.0
2023-01-12,2023-01-13,0.08574803156395441,0.0
2023-01-13,2023-01-16,0.147803617460671,0.0
2023-01-16,2023-01-17,0.04897667954063603,0.0
2023-01-17,2023-01-18,0.005471890483249628,0.0
2023-01-18,2023-01-19,0.10500789549561743,0.0
2023-01-19,2023-01-20,0.1339822177164231,0.0
2023-01-20,2023-01-23,0.12658768951470656,0.0
2023-01-23,2023-01-24,0.113981690231914,0.0
2023-01-24,2023-01-25,0.09997396588593466,0.0
2023-01-25,2023-01-26,0.15508666248874955,0.0
2023-01-26,2023-01-27,0.14409917720831922,0.0
2023-01-27,2023-01-30,0.08234153005444003,0.0
2023-01-30,2023-01-31,0.1098318144458656,0.0
2023-01-31,2023-02-01,0.14558176130358827,0.0
2023-02-01,2023-02-02,0.1453920098831039,0.0
2023-02-02,2023-02-03,0.09947132734421736,0.0
2023-02-03,2023-02-06,0.06302662318226142,0.0
2023-02-06,2023-02-07,0.09724654047975054,0.0
2023-02-07,2023-02-08,0.1890779891882933,0.0
2023-02-08,2023-02-09,0.13903955614848357,0.0
2023-02-09,2023-02-10,0.14510175351898336,0.0
2023-02-10,2023-02-13,0.15036445412174548,0.0
2023-02-13,2023-02-14,0.13118862434567477,0.0
2023-02-14,2023-02-15,0.05467313105091323,0.0
2023-02-15,2023-02-16,0.06905387961165141,0.0
2023-02-16,2023-02-17,0.054984607327968414,0.0
2023-02-17,2023-02-22,0.20402588122602727,0.0
2023-02-22,2023-02-23,0.14863660946142707,0.0
2023-02-23,2023-02-24,0.21068069893190666,0.0
2023-02-24,2023-02-27,0.1871193465904565,0.0
2023-02-27,2023-02-28,0.150001239147697,0.0
2023-02-28,2023-03-01,0.10464601268822733,0.0
2023-03-01,2023-03-02,0.056135596199038997,0.0
2023-03-02,2023-03-03,0.0951749515965989,0.0
2023-03-03,2023-03-06,0.0030288101108611708,0.0
2023-03-06,2023-03-07,0.1301047182434204,0.0
2023-03-07,2023-03-08,0.05132739113407221,0.0
2023-03-08,2023-03-09,0.19993375739723435,0.0
2023-03-09,2023-03-10,0.16845124253162158,0.0
2023-03-10,2023-03-13,0.11794315414411151,0.0
2023-03-13,2023-03-14,0.20653873241059684,0.0
2023-03-14,2023-03-15,0.2405028349472676,0.0
2023-03-15,2023-03-16,0.15846093922423854,0.0
2023-03-16,2023-03-17,0.2073381553295905,0.0
2023-03-17,2023-03-20,0.1280391342089358,0.0
2023-03-20,2023-03-21,0.05336428588028587,0.0
2023-03-21,2023-03-22,0.16398075135595702,0.0
2023-03-22,2023-03-23,0.17249316109945612,0.0
2023-03-23,2023-03-24,0.18371996105455704,0.0
2023-03-24,2023-03-27,0.10244035263126718,0.0
2023-03-27,2023-03-28,0.2492596913901337,0.0
2023-03-28,2023-03-29,0.1660086810213975,0.0
2023-03-29,2023-03-30,0.0953955232464392,0.0
2023-03-30,2023-03-31,0.1384998613183996,0.0
2023-03-31,2023-04-03,0.18363479029757657,0.0
2023-04-03,2023-04-04,0.16206679365859417,0.0
2023-04-04,2023-04-05,0.06140746376892571,0.0
2023-04-05,2023-04-06,0.19638597307083097,0.0
2023-04-06,2023-04-10,0.24267103984701122,0.0
2023-04-10,2023-04-11,0.09899735819726156,0.0
2023-04-11,2023-04-12,0.05678926427096965,0.0
2023-04-12,2023-04-13,0.006286610314071003,0.0
2023-04-13,2023-04-14,0.006028128939806039,0.0
2023-04-14,2023-04-17,0.13708930624420873,0.0
2023-04-17,2023-04-18,0.1370884172164396,0.0
2023-04-18,2023-04-19,0.15940128925153027,0.0
2023-04-19,2023-04-20,0.10146187274941756,0.0
2023-04-20,2023-04-24,0.08841477441502771,0.0
2023-04-24,2023-04-25,0.17570890402500075,0.0
2023-04-25,2023-04-26,0.1291014616402433,0.0
2023-04-26,2023-04-27,0.11201133210266945,0.0
2023-04-27,2023-04-28,0.20650554895398765,0.0
2023-04-28,2023-05-02,0.20122597505762407,0.0
2023-05-02,2023-05-03,0.12719090856825305,0.0
2023-05-03,2023-05-04,0.1477742834859171,0.0
2023-05-04,2023-05-05,0.1459904252196651,0.0
2023-05-05,2023-05-08,0.008051713759061843,0.0
2023-05-08,2023-05-09,0.06245069489053398,0.0
2023-05-09,2023-05-10,0.16917037715288824,0.0
2023-05-10,2023-05-11,0.15616716123468197,0.0
2023-05-11,2023-05-12,0.14116809016621273,0.0
2023-05-12,2023-05-15,0.09928325734078436,0.0
2023-05-15,2023-05-16,0.15191124719605809,0.0
2023-05-16,2023-05-17,0.1363768063006491,0.0
2023-05-17,2023-05-18,0.09788553508454534,0.0
2023-05-18,2023-05-19,0.3636821402554228,0.0
2023-05-19,2023-05-22,0.15359289951668614,0.0
2023-05-22,2023-05-23,0.20547224935259334,0.0
2023-05-23,2023-05-24,0.07656819383337572,0.0
2023-05-24,2023-05-25,0.08499528540686985,0.0
2023-05-25,2023-05-26,0.16905214757329756,0.0
2023-05-26,2023-05-29,0.08324813556714254,0.0
2023-05-29,2023-05-30,0.0801902293651985,0.0
2023-05-30,2023-05-31,0.17883362952822898,0.0
2023-05-31,2023-06-01,0.16919351869688423,0.0
2023-06-01,2023-06-02,0.1315471566875689,0.0
2023-06-02,2023-06-05,0.07317316538619491,0.0
2023-06-05,2023-06-06,0.14553933823623916,0.0
2023-06-06,2023-06-07,0.11526789244422009,0.0
2023-06-07,2023-06-09,0.04489169994041719,0.0
2023-06-09,2023-06-12,0.19728918424841474,0.0
2023-06-12,2023-06-13,0.43283148700272556,0.0
2023-06-13,2023-06-14,0.41535879585727004,0.0
2023-06-14,2023-06-15,0.36970340220200537,0.0
2023-06-15,2023-06-16,0.29870294317644885,0.0
2023-06-16,2023-06-19,0.12417364574108761,0.0
2023-06-19,2023-06-20,0.3065316516478399,0.0
2023-06-20,2023-06-21,0.24672141208273168,0.0
2023-06-21,2023-06-22,0.1956171238008649,0.0
2023-06-22,2023-06-23,0.25144162565753436,0.0
2023-06-23,2023-06-26,0.1801011826040142,0.0
2023-06-26,2023-06-27,0.11882103610589013,0.0
2023-06-27,2023-06-28,0.10952469613059414,0.0
2023-06-28,2023-06-29,0.16793369201545694,0.0
2023-06-29,2023-06-30,0.06769829515824256,0.0
2023-06-30,2023-07-03,0.12362829023089646,0.0
2023-07-03,2023-07-04,0.020033581035417757,0.0
2023-07-04,2023-07-05,0.11843611004876937,0.0
2023-07-05,2023-07-06,0.26792446169575385,0.0
2023-07-06,2023-07-07,0.25149346416078977,0.0
2023-07-07,2023-07-10,0.18181707193900967,0.0
2023-07-10,2023-07-11,0.06237451212691623,0.0
2023-07-11,2023-07-12,0.41903033973236004,0.0
2023-07-12,2023-07-13,0.2362419791610239,0.0
2023-07-13,2023-07-14,0.18941709226114112,0.0
2023-07-14,2023-07-17,0.06546218388054281,0.0
2023-07-17,2023-07-18,0.136101143921556,0.0
2023-07-18,2023-07-19,0.12073728793620919,0.0
2023-07-19,2023-07-20,0.19461375802585268,0.0
2023-07-20,2023-07-21,0.09220737030040496,0.0
2023-07-21,2023-07-24,0.10451385891144732,0.0
2023-07-24,2023-07-25,0.06523513137387234,0.0
2023-07-25,2023-07-26,0.11022980347298177,0.0
2023-07-26,2023-07-27,0.12220567326354123,0.0
2023-07-27,2023-07-28,0.05913876643347469,0.0
2023-07-28,2023-07-31,0.19094116146795692,0.0
2023-07-31,2023-08-01,0.2536706700826542,0.0
2023-08-01,2023-08-02,0.30573690631085965,0.0
2023-08-02,2023-08-03,0.12293446720892254,0.0
2023-08-03,2023-08-04,0.1995918904927202,0.0
2023-08-04,2023-08-07,0.2049349254981388,0.0
2023-08-07,2023-08-08,0.28366637207480483,0.0
2023-08-08,2023-08-09,0.12435715950564077,0.0
2023-08-09,2023-08-10,0.23048510423527763,0.0
2023-08-10,2023-08-11,0.2447459377344314,0.0
2023-08-11,2023-08-14,0.23822451386923602,0.0
2023-08-14,2023-08-15,0.19191077136781926,0.0
2023-08-15,2023-08-16,0.13361425571557634,0.0
2023-08-16,2023-08-17,0.14688496375083826,0.0
2023-08-17,2023-08-18,0.3473513327082003,0.0
2023-08-18,2023-08-21,0.15006712194424146,0.0
2023-08-21,2023-08-22,0.15253524198358415,0.0
2023-08-22,2023-08-23,0.15181060332205562,0.0
2023-08-23,2023-08-24,0.395994429581355,0.0
2023-08-24,2023-08-25,0.12647052797221667,0.0
2023-08-25,2023-08-28,0.18489610150689462,0.0
2023-08-28,2023-08-29,0.3513330843624518,0.0
2023-08-29,2023-08-30,0.4756565821858256,0.0
2023-08-30,2023-08-31,0.3471769290825497,0.0
2023-08-31,2023-09-01,0.061104350201517096,0.0
2023-09-01,2023-09-04,0.05317593008822745,0.0
2023-09-04,2023-09-05,0.11318671435588765,0.0
2023-09-05,2023-09-06,0.11347569410595973,0.0
2023-09-06,2023-09-08,0.1675312690247272,0.0
2023-09-08,2023-09-11,0.1608365484258669,0.0
2023-09-11,2023-09-12,0.2250045349595528,0.0
2023-09-12,2023-09-13,0.0036619826053124714,0.0
2023-09-13,2023-09-14,0.2430372054540261,0.0
2023-09-14,2023-09-15,0.19053359820099314,0.0
2023-09-15,2023-09-18,0.13864471230064387,0.0
2023-09-18,2023-09-19,0.06338367673649335,0.0
2023-09-19,2023-09-20,0.24462733120856167,0.0
2023-09-20,2023-09-21,0.12611970537240386,0.0
2023-09-21,2023-09-22,0.16956118337880122,0.0
2023-09-22,2023-09-25,0.1814304821928438,0.0
2023-09-25,2023-09-26,0.291060186227918,0.0
2023-09-26,2023-09-27,0.10348654611524427,0.0
2023-09-27,2023-09-28,0.10975750872578625,0.0
2023-09-28,2023-09-29,0.39104102063187923,0.0
2023-09-29,2023-10-02,0.16033870969021824,0.0
2023-10-02,2023-10-03,0.2342644884602095,0.0
2023-10-03,2023-10-04,0.06883703935403641,0.0
2023-10-04,2023-10-05,0.19626213229644962,0.0
2023-10-05,2023-10-06,0.3761547025146197,0.0
2023-10-06,2023-10-09,0.09946522302093383,0.0
2023-10-09,2023-10-10,0.19350979917372232,0.0
2023-10-10,2023-10-11,0.17655201019382732,0.0
2023-10-11,2023-10-13,0.1635660178146059,0.0
2023-10-13,2023-10-16,0.2352863489605163,0.0
2023-10-16,2023-10-17,0.18002417695450718,0.0
2023-10-17,2023-10-18,0.44927765147331966,0.0
2023-10-18,2023-10-19,0.07554867117051108,0.0
2023-10-19,2023-10-20,0.2334250914351768,0.0
2023-10-20,2023-10-23,0.18006672941347845,0.0
2023-10-23,2023-10-24,0.1973997958250866,0.0
2023-10-24,2023-10-25,0.15184875542349388,0.0
2023-10-25,2023-10-26,0.12151689384661399,0.0
2023-10-26,2023-10-27,0.06654558672949165,0.0
2023-10-27,2023-10-30,0.1327989899391233,0.0
2023-10-30,2023-10-31,0.004460818694234859,0.0
2023-10-31,2023-11-01,0.13556257207414746,0.0
2023-11-01,2023-11-03,0.1855629046039326,0.0
2023-11-03,2023-11-06,0.1844551180805341,0.0
2023-11-06,2023-11-07,0.13492500265283291,0.0
2023-11-07,2023-11-08,0.0690011566486827,0.0
2023-11-08,2023-11-09,0.13227811780036985,0.0
2023-11-09,2023-11-10,0.15078371172064664,0.0
2023-11-10,2023-11-13,0.0816828372602342,0.0
2023-11-13,2023-11-14,0.12775066428109905,0.0
2023-11-14,2023-11-16,0.11549459295105749,0.0
2023-11-16,2023-11-17,0.061978417145327064,0.0
2023-11-17,2023-11-20,0.1081059550931571,0.0
2023-11-20,2023-11-21,0.11218435746480335,0.0
2023-11-21,2023-11-22,0.0875234999461105,0.0
2023-11-22,2023-11-23,0.19174591830086257,0.0
2023-11-23,2023-11-24,0.20327212952507526,0.0
2023-11-24,2023-11-27,0.18557961234782416,0.0
2023-11-27,2023-11-28,0.14169414162291283,0.0
2023-11-28,2023-11-29,0.12684421646428415,0.0
2023-11-29,2023-11-30,0.06669475589083863,0.0
2023-11-30,2023-12-01,0.1179306314656009,0.0
2023-12-01,2023-12-04,0.12474735814936003,0.0
2023-12-04,2023-12-05,0.18591647114267262,0.0
2023-12-05,2023-12-06,0.11949539338653067,0.0
2023-12-06,2023-12-07,0.07303260615648546,0.0
2023-12-07,2023-12-08,0.06637233612524476,0.0
2023-12-08,2023-12-11,0.12754430503994618,0.0
2023-12-11,2023-12-12,0.1928510056992287,0.0
2023-12-12,2023-12-13,0.1761596534256403,0.0
2023-12-13,2023-12-14,0.12289806665090111,0.0
2023-12-14,2023-12-15,0.15273594339484797,0.0
2023-12-15,2023-12-18,0.3499192300936863,0.0
2023-12-18,2023-12-19,0.15149539363019132,0.0
2023-12-19,2023-12-20,0.12297894206854605,0.0
2023-12-20,2023-12-21,0.17779869032521772,0.0
2023-12-21,2023-12-22,0.2574637440892352,0.0
2023-12-22,2023-12-26,0.11542161115325948,0.0
2023-12-26,2023-12-27,0.2647345882696089,0.0
2023-12-27,2023-12-28,0.06972525932077218,0.0
2023-12-28,2024-01-02,0.1173238767148474,0.0
2024-01-02,2024-01-03,0.12366794146985924,0.0
2024-01-03,2024-01-04,0.07818952444644034,0.0
2024-01-04,2024-01-05,0.06382348808546784,0.0
2024-01-05,2024-01-08,0.12137763458816204,0.0
2024-01-08,2024-01-09,0.116517259201666,0.0
2024-01-09,2024-01-10,0.13133097256281745,0.0
2024-01-10,2024-01-11,0.11173075939866023,0.0
2024-01-11,2024-01-12,0.014357962681872546,0.0
2024-01-12,2024-01-15,0.0034033492160086155,0.0
2024-01-15,2024-01-16,0.12731030566153967,0.0
2024-01-16,2024-01-17,0.19430463702154316,0.0
2024-01-17,2024-01-18,0.11353097203674989,0.0
2024-01-18,2024-01-19,0.06782606334705307,0.0
2024-01-19,2024-01-22,0.1350513139508148,0.0
2024-01-22,2024-01-23,0.1332838654560777,0.0
2024-01-23,2024-01-24,0.07097866870562478,0.0
2024-01-24,2024-01-25,0.18105361855250057,0.0
2024-01-25,2024-01-26,0.07055548554089394,0.0
2024-01-26,2024-01-29,0.17886576424847306,0.0
2024-01-29,2024-01-30,0.1378871651014887,0.0
2024-01-30,2024-01-31,0.0024981230370421086,0.0
2024-01-31,2024-02-01,0.0698019577102946,0.0
2024-02-01,2024-02-02,0.007502197527243997,0.0
2024-02-02,2024-02-05,0.13280565147062556,0.0
2024-02-05,2024-02-06,0.004080322832986262,0.0
2024-02-06,2024-02-07,0.16487520939084704,0.0
2024-02-07,2024-02-08,0.12314255153396825,0.0
2024-02-08,2024-02-09,0.18349839955879027,0.0
2024-02-09,2024-02-14,0.18307137072848595,0.0
2024-02-14,2024-02-15,0.12865241839346866,0.0
2024-02-15,2024-02-16,0.18790739267900947,0.0
2024-02-16,2024-02-19,0.13910479355962924,0.0
2024-02-19,2024-02-20,0.21936925326372175,0.0
2024-02-20,2024-02-21,0.07159566412448737,0.0
2024-02-21,2024-02-22,0.00627896466997859,0.0
2024-02-22,2024-02-23,0.12007677628519942,0.0
2024-02-23,2024-02-26,0.11094042278574894,0.0
2024-02-26,2024-02-27,0.0769715139974644,0.0
2024-02-27,2024-02-28,0.2822167860836973,0.0
2024-02-28,2024-02-29,0.10992076307707106,0.0
2024-02-29,2024-03-01,0.1090174505884071,0.0
2024-03-01,2024-03-04,0.05718375248499268,0.0
2024-03-04,2024-03-05,0.2122254326007843,0.0
2024-03-05,2024-03-06,0.18268941357340038,0.0
2024-03-06,2024-03-07,0.29295955835728904,0.0
2024-03-07,2024-03-08,0.06931732961119755,0.0
2024-03-08,2024-03-11,0.22586698908731212,0.0
2024-03-11,2024-03-12,0.07775918114143805,0.0
2024-03-12,2024-03-13,0.19807315244180645,0.0
2024-03-13,2024-03-14,0.18610914151191468,0.0
2024-03-14,2024-03-15,0.06277500462920729,0.0
2024-03-15,2024-03-18,0.13387424464622416,0.0
2024-03-18,2024-03-19,0.26746323289805485,0.0
2024-03-19,2024-03-20,0.20651474528079083,0.0
2024-03-20,2024-03-21,0.1767345161885969,0.0
2024-03-21,2024-03-22,0.22726173043544884,0.0
2024-03-22,2024-03-25,0.16917873982700482,0.0
2024-03-25,2024-03-26,0.11385084275349841,0.0
2024-03-26,2024-03-27,0.19128570318777094,0.0
2024-03-27,2024-03-28,0.07079377988804189,0.0
2024-03-28,2024-04-01,0.06714693697302108,0.0
2024-04-01,2024-04-02,0.07083542268874583,0.0
2024-04-02,2024-04-03,0.15062100935178846,0.0
2024-04-03,2024-04-04,0.07553163607256899,0.0
2024-04-04,2024-04-05,0.06457851763406737,0.0
2024-04-05,2024-04-08,0.11660862291780726,0.0
2024-04-08,2024-04-09,0.1739871705218942,0.0
2024-04-09,2024-04-10,0.15649812263253615,0.0
2024-04-10,2024-04-11,0.1572698736533401,0.0
2024-04-11,2024-04-12,0.1333908568543772,0.0
2024-04-12,2024-04-15,0.16355905045731814,0.0
2024-04-15,2024-04-16,0.12711428986817747,0.0
2024-04-16,2024-04-17,0.14978051867563644,0.0
2024-04-17,2024-04-18,0.11839706304946197,0.0
2024-04-18,2024-04-19,0.185269888642112,0.0
2024-04-19,2024-04-22,0.2011587511531065,0.0
2024-04-22,2024-04-23,0.20241814728373247,0.0
2024-04-23,2024-04-24,0.19101145524990545,0.0
2024-04-24,2024-04-25,0.12799438169975488,0.0
2024-04-25,2024-04-26,0.14390312786871595,0.0
2024-04-26,2024-04-29,0.07102892869412364,0.0
2024-04-29,2024-04-30,0.08435127574093927,0.0
2024-04-30,2024-05-02,0.11196337243181342,0.0
2024-05-02,2024-05-03,0.17101276873601073,0.0
2024-05-03,2024-05-06,0.1665363197430227,0.0
2024-05-06,2024-05-07,0.24232720665111418,0.0
2024-05-07,2024-05-08,0.18870534831404115,0.0
2024-05-08,2024-05-09,0.12720108746336245,0.0
2024-05-09,2024-05-10,0.182607430816365,0.0
2024-05-10,2024-05-13,0.20444253300849988,0.0
2024-05-13,2024-05-14,0.18269109033235253,0.0
2024-05-14,2024-05-15,0.18368075655376226,0.0
2024-05-15,2024-05-16,0.09170454577281802,0.0
2024-05-16,2024-05-17,0.13822738351403066,0.0
2024-05-17,2024-05-20,0.11991362849290439,0.0
2024-05-20,2024-05-21,0.0643893437201794,0.0
2024-05-21,2024-05-22,0.3139439492712838,0.0
2024-05-22,2024-05-23,0.23658532339754884,0.0
2024-05-23,2024-05-24,0.07702228312034624,0.0
2024-05-24,2024-05-27,0.062156956098787734,0.0
2024-05-27,2024-05-28,0.1744769441006498,0.0
2024-05-28,2024-05-29,0.2497857035973278,0.0
2024-05-29,2024-05-31,0.1961686034044237,0.0
2024-05-31,2024-06-03,0.0796019834895538,0.0
2024-06-03,2024-06-04,0.135769471950242,0.0
2024-06-04,2024-06-05,0.1967029932214102,0.0
2024-06-05,2024-06-06,0.14332395489332403,0.0
2024-06-06,2024-06-07,0.2292285343796682,0.0
2024-06-07,2024-06-10,0.2618215330763495,0.0
2024-06-10,2024-06-11,0.20480311388731307,0.0
2024-06-11,2024-06-12,0.33127681726716296,0.0
2024-06-12,2024-06-13,0.2592034831002839,0.0
2024-06-13,2024-06-14,0.06150989604594655,0.0
2024-06-14,2024-06-17,0.16060335137330417,0.0
2024-06-17,2024-06-18,0.12546127305559604,0.0
2024-06-18,2024-06-19,0.16629286300024326,0.0
2024-06-19,2024-06-20,0.1802114737969892,0.0
2024-06-20,2024-06-21,0.11715581606377742,0.0
2024-06-21,2024-06-24,0.08056596927783681,0.0
2024-06-24,2024-06-25,0.16482873131034154,0.0
2024-06-25,2024-06-26,0.14192236051035378,0.0
2024-06-26,2024-06-27,0.20561615077304313,0.0
2024-06-27,2024-06-28,0.2062341896936178,0.0
2024-06-28,2024-07-01,0.20047348759027137,0.0
2024-07-01,2024-07-02,0.054442812219544265,0.0
2024-07-02,2024-07-03,0.18652163775404523,0.0
2024-07-03,2024-07-04,0.14112145083457187,0.0
2024-07-04,2024-07-05,0.18997098403518647,0.0
2024-07-05,2024-07-08,0.07861075861115188,0.0
2024-07-08,2024-07-09,0.22603262037729882,0.0
2024-07-09,2024-07-10,0.07516510570192822,0.0
2024-07-10,2024-07-11,0.08623347289926904,0.0
2024-07-11,2024-07-12,0.14015752677385465,0.0
2024-07-12,2024-07-15,0.12908756238646196,0.0
2024-07-15,2024-07-16,0.1865360420856199,0.0
2024-07-16,2024-07-17,0.2701701586090753,0.0
2024-07-17,2024-07-18,0.3738086929955541,0.0
2024-07-18,2024-07-19,0.30967530782556535,0.0
2024-07-19,2024-07-22,0.22454817387300327,0.0
2024-07-22,2024-07-23,0.14603127125760912,0.0
2024-07-23,2024-07-24,0.12871522409332664,0.0
2024-07-24,2024-07-25,0.12190968058743545,0.0
2024-07-25,2024-07-26,0.32441345077996864,0.0
2024-07-26,2024-07-29,0.3185477541468641,0.0
2024-07-29,2024-07-30,0.20091415718127387,0.0
2024-07-30,2024-07-31,0.11955140295609079,0.0
2024-07-31,2024-08-01,0.14619976268968052,0.0
2024-08-01,2024-08-02,0.3025119923466864,0.0
2024-08-02,2024-08-05,0.19135840879353105,0.0
2024-08-05,2024-08-06,0.18322819353942904,0.0
2024-08-06,2024-08-07,0.23309260025938727,0.0
2024-08-07,2024-08-08,0.07510858912218121,0.0
2024-08-08,2024-08-09,0.13440218445508917,0.0
2024-08-09,2024-08-12,0.18559348212384386,0.0
2024-08-12,2024-08-13,0.2450219872702366,0.0
2024-08-13,2024-08-14,0.059086647038021745,0.0
2024-08-14,2024-08-15,0.2055404104133083,0.0
2024-08-15,2024-08-16,0.18700456975058072,0.0
2024-08-16,2024-08-19,0.12333571945068375,0.0
2024-08-19,2024-08-20,0.19586579966129364,0.0
2024-08-20,2024-08-21,0.19437160563759442,0.0
2024-08-21,2024-08-22,0.13170113142466278,0.0
2024-08-22,2024-08-23,0.128405291575367,0.0
2024-08-23,2024-08-26,0.19416603338221758,0.0
2024-08-26,2024-08-27,0.14516339713117687,0.0
2024-08-27,2024-08-28,0.19710373202537632,0.0
2024-08-28,2024-08-29,0.14947597700871634,0.0
2024-08-29,2024-08-30,0.25233784264384906,0.0
2024-08-30,2024-09-02,0.18989519204250976,0.0
2024-09-02,2024-09-03,0.2055724293065653,0.0
2024-09-03,2024-09-04,0.27485772561878524,0.0
2024-09-04,2024-09-05,0.24829053719839014,0.0
2024-09-05,2024-09-06,0.12228205758779116,0.0
2024-09-06,2024-09-09,0.16978372946669884,0.0
2024-09-09,2024-09-10,0.11505076654161929,0.0
2024-09-10,2024-09-11,0.11253738310187143,0.0
2024-09-11,2024-09-12,0.20187164382253503,0.0
2024-09-12,2024-09-13,0.12218766387589768,0.0
2024-09-13,2024-09-16,0.1190602918521988,0.0
2024-09-16,2024-09-17,0.24781753745200139,0.0
2024-09-17,2024-09-18,0.1115649802360385,0.0
2024-09-18,2024-09-19,0.06853638960934207,0.0
2024-09-19,2024-09-20,0.12418811083960783,0.0
2024-09-20,2024-09-23,0.12436338299721275,0.0
2024-09-23,2024-09-24,0.10335200000077603,0.0
2024-09-24,2024-09-25,0.06834481104195828,0.0
2024-09-25,2024-09-26,0.21670179517812602,0.0
2024-09-26,2024-09-27,0.16198952484505624,0.0
2024-09-27,2024-09-30,0.12196920908376886,0.0
2024-09-30,2024-10-01,0.06870005649103038,0.0
2024-10-01,2024-10-02,0.18308305105459569,0.0
2024-10-02,2024-10-03,0.24181845879752825,0.0
2024-10-03,2024-10-04,0.1817414068417612,0.0
2024-10-04,2024-10-07,0.2702590443399824,0.0
2024-10-07,2024-10-08,0.23526443190467017,0.0
2024-10-08,2024-10-09,0.16168467785110074,0.0
2024-10-09,2024-10-10,0.15811221465513325,0.0
2024-10-10,2024-10-11,0.061090104327247485,0.0
2024-10-11,2024-10-14,0.35844889448310185,0.0
2024-10-14,2024-10-15,0.20734844330194116,0.0
2024-10-15,2024-10-16,0.18862647186944959,0.0
2024-10-16,2024-10-17,0.13989089452423784,0.0
2024-10-17,2024-10-18,0.23398309891588498,0.0
2024-10-18,2024-10-21,0.17325512087137482,0.0
2024-10-21,2024-10-22,0.17440753141957133,0.0
2024-10-22,2024-10-23,0.3124631985277485,0.0
2024-10-23,2024-10-24,0.37503886763066047,0.0
2024-10-24,2024-10-25,0.12668142029093588,0.0
2024-10-25,2024-10-28,0.060448684232303804,0.0
2024-10-28,2024-10-29,0.23308128577785464,0.0
2024-10-29,2024-10-30,0.1714625299021892,0.0
2024-10-30,2024-10-31,0.16787601334433366,0.0
2024-10-31,2024-11-01,0.11019499238361694,0.0
2024-11-01,2024-11-04,0.12923801290604037,0.0
2024-11-04,2024-11-05,0.19835786614823375,0.0
2024-11-05,2024-11-06,0.11532407230997357,0.0
2024-11-06,2024-11-07,0.16507382707989193,0.0
2024-11-07,2024-11-08,0.0865458410592602,0.0
2024-11-08,2024-11-11,0.12438496182438388,0.0
2024-11-11,2024-11-12,0.08042262107862108,0.0
2024-11-12,2024-11-13,0.07358518025229498,0.0
2024-11-13,2024-11-14,0.2906019643910301,0.0
2024-11-14,2024-11-18,0.18524578211045276,0.0
2024-11-18,2024-11-19,0.06801985437746644,0.0
2024-11-19,2024-11-21,0.059982587673843735,0.0
2024-11-21,2024-11-22,0.1407334569349974,0.0
2024-11-22,2024-11-25,0.13482943605483,0.0
2024-11-25,2024-11-26,0.2460957960375988,0.0
2024-11-26,2024-11-27,0.16734616406514402,0.0
2024-11-27,2024-11-28,0.16530688512128372,0.0
2024-11-28,2024-11-29,0.057959603441938054,0.0
2024-11-29,2024-12-02,0.1103217580173828,0.0
2024-12-02,2024-12-03,0.11955268419150514,0.0
2024-12-03,2024-12-04,0.11726276719343454,0.0
2024-12-04,2024-12-05,0.16654211784747072,0.0
2024-12-05,2024-12-06,0.002475644312386619,0.0
2024-12-06,2024-12-09,0.1956817952101183,0.0
2024-12-09,2024-12-10,0.24973163314973212,0.0
2024-12-10,2024-12-11,0.2453600631240207,0.0
2024-12-11,2024-12-12,0.14352935070406453,0.0
2024-12-12,2024-12-13,0.07327460310577984,0.0
2024-12-13,2024-12-16,0.06491743828609808,0.0
2024-12-16,2024-12-17,0.07352453929477312,0.0
2024-12-17,2024-12-18,0.06788295049563337,0.0
2024-12-18,2024-12-19,0.057640883584933016,0.0
2024-12-19,2024-12-20,0.05372632233792124,0.0
2024-12-20,2024-12-23,0.004607743846092513,0.0
2024-12-23,2024-12-26,0.06017549782024703,0.0
2024-12-26,2024-12-27,0.02584138525549416,0.0
2024-12-27,2024-12-30,0.07171607811323577,0.0
2024-12-30,2025-01-02,0.24861040926079694,0.0
2025-01-02,2025-01-03,0.18181799206467886,0.0
2025-01-03,2025-01-06,0.19749967067780175,0.0
2025-01-06,2025-01-07,0.21982027668236015,0.0
2025-01-07,2025-01-08,0.1154605925771139,0.0
2025-01-08,2025-01-09,0.25882614612283095,0.0
2025-01-09,2025-01-10,0.300326729692823,0.0
2025-01-10,2025-01-13,0.11457860736464584,0.0
2025-01-13,2025-01-14,0.0817367108002428,0.0
2025-01-14,2025-01-15,0.06993906473564268,0.0
2025-01-15,2025-01-16,0.06881909280732723,0.0
2025-01-16,2025-01-17,0.13087948924881154,0.0
2025-01-17,2025-01-20,0.13448014805409492,0.0
2025-01-20,2025-01-21,0.14564663107925863,0.0
2025-01-21,2025-01-22,0.18776993782931373,0.0
2025-01-22,2025-01-23,0.18862931841626968,0.0
2025-01-23,2025-01-24,0.06164312502947142,0.0
2025-01-24,2025-01-27,0.15434424967818472,0.0
2025-01-27,2025-01-28,0.11303644374333827,0.0
2025-01-28,2025-01-29,0.11312962163382762,0.0
2025-01-29,2025-01-30,0.16591216621050006,0.0
2025-01-30,2025-01-31,0.07207197710466845,0.0
2025-01-31,2025-02-03,0.10922413611090981,0.0
2025-02-03,2025-02-04,0.15470529554484452,0.0
2025-02-04,2025-02-05,0.07808406565650283,0.0
2025-02-05,2025-02-06,0.18100891908146066,0.0
2025-02-06,2025-02-07,0.008958897152963254,0.0
2025-02-07,2025-02-10,0.0961246733220136,0.0
2025-02-10,2025-02-11,0.14476439343395897,0.0
2025-02-11,2025-02-12,0.07129340907085113,0.0
2025-02-12,2025-02-13,0.13985708544140743,0.0
2025-02-13,2025-02-14,0.13165438289748535,0.0
2025-02-14,2025-02-17,0.0638953869043398,0.0
2025-02-17,2025-02-18,0.06337371015836504,0.0
2025-02-18,2025-02-19,0.06562512418911555,0.0
2025-02-19,2025-02-20,0.1349815607560437,0.0
2025-02-20,2025-02-21,0.2510381412437862,0.0
2025-02-21,2025-02-24,0.14773264919108642,0.0
2025-02-24,2025-02-25,0.19783937888257325,0.0
2025-02-25,2025-02-26,0.18234974398476472,0.0
2025-02-26,2025-02-27,0.20172315978265404,0.0
2025-02-27,2025-02-28,0.1341112200115771,0.0
2025-02-28,2025-03-05,0.006849944961224392,0.0
2025-03-05,2025-03-06,0.1383230246600632,0.0
2025-03-06,2025-03-07,0.1360765674611202,0.0
2025-03-07,2025-03-10,0.12501777006246467,0.0
2025-03-10,2025-03-11,0.08460296298959066,0.0
2025-03-11,2025-03-12,0.08558313456743383,0.0
2025-03-12,2025-03-13,0.0072503562392227175,0.0
2025-03-13,2025-03-14,0.07545549482880265,0.0
2025-03-14,2025-03-17,0.06610387985256444,0.0
2025-03-17,2025-03-18,0.0667595912010925,0.0
2025-03-18,2025-03-19,0.19543533163422439,0.0
2025-03-19,2025-03-20,0.27685190116411673,0.0
2025-03-20,2025-03-21,0.13069843777819348,0.0
2025-03-21,2025-03-24,0.06435003227349292,0.0
2025-03-24,2025-03-25,0.1870285206316085,0.0
2025-03-25,2025-03-26,0.13163479885947738,0.0
2025-03-26,2025-03-27,0.25361601702235653,0.0
2025-03-27,2025-03-28,0.19255090070961084,0.0
2025-03-28,2025-03-31,0.2543624817739526,0.0
2025-03-31,2025-04-01,0.18383485412009282,0.0
2025-04-01,2025-04-02,0.20025808503965775,0.0
2025-04-02,2025-04-03,0.3635514220528815,0.0
2025-04-03,2025-04-04,0.31571310176601647,0.0
2025-04-04,2025-04-07,0.4294540114188302,0.0
2025-04-07,2025-04-08,0.1347502837126805,0.0
2025-04-08,2025-04-09,0.11161730669321089,0.0
2025-04-09,2025-04-10,0.19247643237640039,0.0
2025-04-10,2025-04-11,0.18745988232477673,0.0
2025-04-11,2025-04-14,0.2288928358516857,0.0
2025-04-14,2025-04-15,0.3019418643291718,0.0
2025-04-15,2025-04-16,0.15523162284900194,0.0
2025-04-16,2025-04-17,0.08023714446746782,0.0
2025-04-17,2025-04-22,0.08160161263645478,0.0
2025-04-22,2025-04-23,0.1304137395260826,0.0
2025-04-23,2025-04-24,0.20014698405823095,0.0
2025-04-24,2025-04-25,0.1395960713815042,0.0
2025-04-25,2025-04-28,0.07209493078183914,0.0
2025-04-28,2025-04-29,0.18361690899816185,0.0
2025-04-29,2025-04-30,0.12592642209648092,0.0
2025-04-30,2025-05-02,0.13810803351977552,0.0
2025-05-02,2025-05-05,0.07711309292762782,0.0
2025-05-05,2025-05-06,0.06750603849333477,0.0
2025-05-06,2025-05-07,0.13047058560543323,0.0
2025-05-07,2025-05-08,0.07686027072911847,0.0
2025-05-08,2025-05-09,0.11429034778848149,0.0
2025-05-09,2025-05-12,0.12689286288822005,0.0
2025-05-12,2025-05-13,0.06598126359398988,0.0
2025-05-13,2025-05-14,0.2517684580641755,0.0
2025-05-14,2025-05-15,0.19477924215823533,0.0
2025-05-15,2025-05-16,0.14364969356671803,0.0
2025-05-16,2025-05-19,0.18838956480120755,0.0
2025-05-19,2025-05-20,0.06408104156252535,0.0
2025-05-20,2025-05-21,0.08896097006544491,0.0
2025-05-21,2025-05-22,0.14107546233150609,0.0
2025-05-22,2025-05-23,0.1279971379511038,0.0
2025-05-23,2025-05-26,0.011117023240149734,0.0
2025-05-26,2025-05-27,0.12711290606327616,0.0
2025-05-27,2025-05-28,0.13364074747429855,0.0
2025-05-28,2025-05-29,0.07381724659248726,0.0
2025-05-29,2025-05-30,0.06647085351418111,0.0
2025-05-30,2025-06-02,0.0040553533099673515,0.0
2025-06-02,2025-06-03,0.08334827875196446,0.0
2025-06-03,2025-06-04,0.11444081278001096,0.0
2025-06-04,2025-06-05,0.1717227552512975,0.0
2025-06-05,2025-06-06,0.11768266821356188,0.0
2025-06-06,2025-06-09,0.05793576701213517,0.0
2025-06-09,2025-06-10,0.1760559295438648,0.0
2025-06-10,2025-06-11,0.007409102125101874,0.0
2025-06-11,2025-06-12,0.15103454085792473,0.0
2025-06-12,2025-06-13,0.12991323062066323,0.0
2025-06-13,2025-06-16,0.1412592303143718,0.0
2025-06-16,2025-06-17,0.21179260408901504,0.0
2025-06-17,2025-06-18,0.20445637642924105,0.0
2025-06-18,2025-06-20,0.07028784581395589,0.0
2025-06-20,2025-06-23,0.12475677942251334,0.0
2025-06-23,2025-06-24,0.12454424391514174,0.0
2025-06-24,2025-06-25,0.06222339599242339,0.0
2025-06-25,2025-06-26,0.20174623849384454,0.0
2025-06-26,2025-06-27,0.1431772058300913,0.0
2025-06-27,2025-06-30,0.08000074817693564,0.0
2025-06-30,2025-07-01,0.20372796323752768,0.0
2025-07-01,2025-07-02,0.3405737224351016,0.0
2025-07-02,2025-07-03,0.13636716856786169,0.0
2025-07-03,2025-07-04,0.1632371535549108,0.0
2025-07-04,2025-07-07,0.004445472773429899,0.0
2025-07-07,2025-07-08,0.12314209249821817,0.0
2025-07-08,2025-07-09,0.21381642006860188,0.0
2025-07-09,2025-07-10,0.196316429789526,0.0
2025-07-10,2025-07-11,0.06006363934457071,0.0
2025-07-11,2025-07-14,0.14435003921729597,0.0
2025-07-14,2025-07-15,0.25189045153539097,0.0
2025-07-15,2025-07-16,0.28247138444533165,0.0
2025-07-16,2025-07-17,0.06993967596745677,0.0
2025-07-17,2025-07-18,0.12454772360501164,0.0
2025-07-18,2025-07-21,0.26545118354665287,0.0
2025-07-21,2025-07-22,0.005802117924864122,0.0
2025-07-22,2025-07-23,0.2075478117636418,0.0
2025-07-23,2025-07-24,0.3180034321658059,0.0
2025-07-24,2025-07-25,0.24024089252889705,0.0
2025-07-25,2025-07-28,0.27132360198505456,0.0
2025-07-28,2025-07-29,0.2056750668131544,0.0
2025-07-29,2025-07-30,0.18877860693653062,0.0
2025-07-30,2025-07-31,0.2720608267142016,0.0
2025-07-31,2025-08-01,0.19438552376989665,0.0
2025-08-01,2025-08-04,0.26326938349843415,0.0
2025-08-04,2025-08-05,0.012244716913252001,0.0
2025-08-05,2025-08-06,0.08273691091228118,0.0
2025-08-06,2025-08-07,0.0799367950708072,0.0
2025-08-07,2025-08-08,0.1294159651469297,0.0
2025-08-08,2025-08-11,0.22485413338861654,0.0
2025-08-11,2025-08-12,0.2246516429884284,0.0
2025-08-12,2025-08-13,0.1320286597852635,0.0
2025-08-13,2025-08-14,0.13360904142602037,0.0
2025-08-14,2025-08-15,0.12585880110633604,0.0
2025-08-15,2025-08-18,0.06205590065605379,0.0
2025-08-18,2025-08-19,0.07491935438283429,0.0
2025-08-19,2025-08-20,0.22423826198968533,0.0
2025-08-20,2025-08-21,0.01695323366998706,0.0
2025-08-21,2025-08-22,0.07217207788559135,0.0
2025-08-22,2025-08-25,0.13949198960058556,0.0
2025-08-25,2025-08-26,0.1303945729289227,0.0
2025-08-26,2025-08-27,0.07836783595338122,0.0
2025-08-27,2025-08-28,0.06513717506723862,0.0
2025-08-28,2025-08-29,0.13503818954612715,0.0
2025-08-29,2025-09-01,0.13524036293561933,0.0
2025-09-01,2025-09-02,0.10871925468542375,0.0
2025-09-02,2025-09-03,0.12396639633893473,0.0
2025-09-03,2025-09-04,0.1838915371543875,0.0
2025-09-04,2025-09-05,0.19049476960976452,0.0
2025-09-05,2025-09-08,0.18291378138901804,0.0
2025-09-08,2025-09-09,0.1511433798985517,0.0
2025-09-09,2025-09-10,0.2690342683383068,0.0
2025-09-10,2025-09-11,0.11798102217645436,0.0
2025-09-11,2025-09-12,0.10443073639466366,0.0
2025-09-12,2025-09-15,0.17087201999826945,0.0
2025-09-15,2025-09-16,0.06423949047886293,0.0
2025-09-16,2025-09-17,0.2573743651477971,0.0
2025-09-17,2025-09-18,0.2503504869647847,0.0
2025-09-18,2025-09-19,0.0605720764388637,0.0
2025-09-19,2025-09-22,0.19553017103000903,0.0
2025-09-22,2025-09-23,0.20046239834617308,0.0
2025-09-23,2025-09-24,0.13204369206858146,0.0
2025-09-24,2025-09-25,0.12593591161058132,0.0
2025-09-25,2025-09-26,0.08391869306597133,0.0
2025-09-26,2025-09-29,0.19904825403178514,0.0
2025-09-29,2025-09-30,0.27027015059150633,0.0
2025-09-30,2025-10-01,0.009908522663232017,0.0
2025-10-01,2025-10-02,0.20580957506960207,0.0
2025-10-02,2025-10-03,0.1728131914125926,0.0
2025-10-03,2025-10-06,0.29228502918710153,0.0
2025-10-06,2025-10-07,0.19145694455713946,0.0
2025-10-07,2025-10-08,0.06977457741471463,0.0
2025-10-08,2025-10-09,0.12998485158102874,0.0
2025-10-09,2025-10-10,0.17716947443951653,0.0
2025-10-10,2025-10-13,0.2499723975963128,0.0
2025-10-13,2025-10-14,0.2515734682263937,0.0
2025-10-14,2025-10-15,0.1946459761701938,0.0
2025-10-15,2025-10-16,0.07217683896277582,0.0
2025-10-16,2025-10-17,0.17606358068954436,0.0
2025-10-17,2025-10-20,0.12421718447017333,0.0
2025-10-20,2025-10-21,0.10546649195068536,0.0
2025-10-21,2025-10-22,0.14729060211357792,0.0
2025-10-22,2025-10-23,0.19021990333274091,0.0
2025-10-23,2025-10-24,0.18420964292249048,0.0
2025-10-24,2025-10-27,0.12844564269826012,0.0
2025-10-27,2025-10-28,0.11953481192293249,0.0
2025-10-28,2025-10-29,0.06666137311821518,0.0
2025-10-29,2025-10-30,0.19007815801635602,0.0
2025-10-30,2025-10-31,0.11595292406133911,0.0
2025-10-31,2025-11-03,0.06870534035915844,0.0
2025-11-03,2025-11-04,0.2890694517974948,0.0
2025-11-04,2025-11-05,0.29806795219498217,0.0
2025-11-05,2025-11-06,0.30231016110923653,0.0
2025-11-06,2025-11-07,0.15948197247768123,0.0
2025-11-07,2025-11-10,0.1529887094411376,0.0
2025-11-10,2025-11-11,0.18309598063788132,0.0
2025-11-11,2025-11-12,0.1838589986052967,0.0
2025-11-12,2025-11-13,0.14599636244606257,0.0
2025-11-13,2025-11-14,0.17018283699979486,0.0
2025-11-14,2025-11-17,0.17744829713749316,0.0
2025-11-17,2025-11-18,0.2434706185478244,0.0
2025-11-18,2025-11-19,0.17769332694637358,0.0
2025-11-19,2025-11-21,0.15440637852607736,0.0
2025-11-21,2025-11-24,0.1403469100972921,0.0
2025-11-24,2025-11-25,0.13742396613268681,0.0
2025-11-25,2025-11-26,0.25618485449554396,0.0
2025-11-26,2025-11-27,0.2680158268959689,0.0
2025-11-27,2025-11-28,0.22960295089155608,0.0
2025-11-28,2025-12-01,0.14955419220976968,0.0
2025-12-01,2025-12-02,0.19556902352872307,0.0
2025-12-02,2025-12-03,0.25614713696119346,0.0
2025-12-03,2025-12-04,0.31559600720718917,0.0
2025-12-04,2025-12-05,0.13951841766856823,0.0
2025-12-05,2025-12-08,0.3436835551138423,0.0
2025-12-08,2025-12-09,0.15003723656544576,0.0
2025-12-09,2025-12-10,0.2846137341613015,0.0
2025-12-10,2025-12-11,0.2634152930371401,0.0
2025-12-11,2025-12-12,0.31892872186162974,0.0
2025-12-12,2025-12-15,0.19280834230667404,0.0
2025-12-15,2025-12-16,0.20513672652241594,0.0
2025-12-16,2025-12-17,0.20784928338553932,0.0
2025-12-17,2025-12-18,0.06615807029939585,0.0
2025-12-18,2025-12-19,0.006115692154244234,0.0
2025-12-19,2025-12-22,0.15055037335371946,0.0
2025-12-22,2025-12-23,0.1346125310193821,0.0
2025-12-23,2025-12-26,0.19188864760713592,0.0
2025-12-26,2025-12-29,0.20388359195949135,0.0
2025-12-29,2025-12-30,0.20832810201555918,0.0
